Y Height,Tan Shift,Sag Shift,Real Height,Ref. Height,Distortion,Wavelength
0.00000000,0.01406117,0.01406117,0.00000000,0.00000000,0.00000000,0.486133 µm.
0.00000000,0.01406117,0.01406117,0.00000000,0.00000000,0.00000000,0.486133 µm.
0.23000000,0.01389941,0.01388028,0.22984903,0.22984899,0.00001447,0.486133 µm.
0.23000000,0.01389941,0.01388028,0.22984903,0.22984899,0.00001447,0.486133 µm.
0.46000000,0.01341596,0.01333765,0.45969825,0.45969799,0.00005786,0.486133 µm.
0.46000000,0.01341596,0.01333765,0.45969825,0.45969799,0.00005786,0.486133 µm.
0.69000000,0.01261102,0.01243332,0.68954788,0.68954698,0.00013016,0.486133 µm.
0.69000000,0.01261102,0.01243332,0.68954788,0.68954698,0.00013016,0.486133 µm.
0.92000000,0.01148495,0.01116743,0.91939810,0.91939597,0.00023135,0.486133 µm.
0.92000000,0.01148495,0.01116743,0.91939810,0.91939597,0.00023135,0.486133 µm.
1.15000000,0.01003825,0.00954011,1.14924912,1.14924497,0.00036137,0.486133 µm.
1.15000000,0.01003825,0.00954011,1.14924912,1.14924497,0.00036137,0.486133 µm.
1.38000000,0.00827156,0.00755158,1.37910113,1.37909396,0.00052018,0.486133 µm.
1.38000000,0.00827156,0.00755158,1.37910113,1.37909396,0.00052018,0.486133 µm.
1.61000000,0.00618566,0.00520207,1.60895434,1.60894295,0.00070771,0.486133 µm.
1.61000000,0.00618566,0.00520207,1.60895434,1.60894295,0.00070771,0.486133 µm.
1.84000000,0.00378149,0.00249187,1.83880894,1.83879195,0.00092390,0.486133 µm.
1.84000000,0.00378149,0.00249187,1.83880894,1.83879195,0.00092390,0.486133 µm.
2.07000000,0.00106012,-0.00057868,2.06866512,2.06864094,0.00116864,0.486133 µm.
2.07000000,0.00106012,-0.00057868,2.06866512,2.06864094,0.00116864,0.486133 µm.
2.30000000,-0.00197724,-0.00400921,2.29852307,2.29848993,0.00144184,0.486133 µm.
2.30000000,-0.00197724,-0.00400921,2.29852307,2.29848993,0.00144184,0.486133 µm.
2.53000000,-0.00532922,-0.00779930,2.52838301,2.52833893,0.00174340,0.486133 µm.
2.53000000,-0.00532922,-0.00779930,2.52838301,2.52833893,0.00174340,0.486133 µm.
2.76000000,-0.00899432,-0.01194848,2.75824510,2.75818792,0.00207318,0.486133 µm.
2.76000000,-0.00899432,-0.01194848,2.75824510,2.75818792,0.00207318,0.486133 µm.
2.99000000,-0.01297088,-0.01645624,2.98810955,2.98803691,0.00243106,0.486133 µm.
2.99000000,-0.01297088,-0.01645624,2.98810955,2.98803691,0.00243106,0.486133 µm.
3.22000000,-0.01725712,-0.02132202,3.21797655,3.21788591,0.00281688,0.486133 µm.
3.22000000,-0.01725712,-0.02132202,3.21797655,3.21788591,0.00281688,0.486133 µm.
3.45000000,-0.02185110,-0.02654524,3.44784628,3.44773490,0.00323050,0.486133 µm.
3.45000000,-0.02185110,-0.02654524,3.44784628,3.44773490,0.00323050,0.486133 µm.
3.68000000,-0.02675074,-0.03212525,3.67771893,3.67758389,0.00367174,0.486133 µm.
3.68000000,-0.02675074,-0.03212525,3.67771893,3.67758389,0.00367174,0.486133 µm.
3.91000000,-0.03195382,-0.03806137,3.90759467,3.90743289,0.00414043,0.486133 µm.
3.91000000,-0.03195382,-0.03806137,3.90759467,3.90743289,0.00414043,0.486133 µm.
4.14000000,-0.03745796,-0.04435285,4.13747370,4.13728188,0.00463636,0.486133 µm.
4.14000000,-0.03745796,-0.04435285,4.13747370,4.13728188,0.00463636,0.486133 µm.
4.37000000,-0.04326066,-0.05099894,4.36735619,4.36713087,0.00515934,0.486133 µm.
4.37000000,-0.04326066,-0.05099894,4.36735619,4.36713087,0.00515934,0.486133 µm.
4.60000000,-0.04935926,-0.05799881,4.59724232,4.59697987,0.00570915,0.486133 µm.
4.60000000,-0.04935926,-0.05799881,4.59724232,4.59697987,0.00570915,0.486133 µm.
4.83000000,-0.05575096,-0.06535161,4.82713225,4.82682886,0.00628556,0.486133 µm.
4.83000000,-0.05575096,-0.06535161,4.82713225,4.82682886,0.00628556,0.486133 µm.
5.06000000,-0.06243281,-0.07305642,5.05702618,5.05667785,0.00688833,0.486133 µm.
5.06000000,-0.06243281,-0.07305642,5.05702618,5.05667785,0.00688833,0.486133 µm.
5.29000000,-0.06940174,-0.08111229,5.28692425,5.28652685,0.00751722,0.486133 µm.
5.29000000,-0.06940174,-0.08111229,5.28692425,5.28652685,0.00751722,0.486133 µm.
5.52000000,-0.07665451,-0.08951824,5.51682664,5.51637584,0.00817196,0.486133 µm.
5.52000000,-0.07665451,-0.08951824,5.51682664,5.51637584,0.00817196,0.486133 µm.
5.75000000,-0.08418774,-0.09827324,5.74673351,5.74622483,0.00885227,0.486133 µm.
5.75000000,-0.08418774,-0.09827324,5.74673351,5.74622483,0.00885227,0.486133 µm.
5.98000000,-0.09199793,-0.10737619,5.97664501,5.97607383,0.00955787,0.486133 µm.
5.98000000,-0.09199793,-0.10737619,5.97664501,5.97607383,0.00955787,0.486133 µm.
6.21000000,-0.10008140,-0.11682598,6.20656132,6.20592282,0.01028846,0.486133 µm.
6.21000000,-0.10008140,-0.11682598,6.20656132,6.20592282,0.01028846,0.486133 µm.
6.44000000,-0.10843435,-0.12662144,6.43648256,6.43577182,0.01104373,0.486133 µm.
6.44000000,-0.10843435,-0.12662144,6.43648256,6.43577182,0.01104373,0.486133 µm.
6.67000000,-0.11705284,-0.13676135,6.66640891,6.66562081,0.01182335,0.486133 µm.
6.67000000,-0.11705284,-0.13676135,6.66640891,6.66562081,0.01182335,0.486133 µm.
6.90000000,-0.12593277,-0.14724448,6.89634049,6.89546980,0.01262701,0.486133 µm.
6.90000000,-0.12593277,-0.14724448,6.89634049,6.89546980,0.01262701,0.486133 µm.
7.13000000,-0.13506990,-0.15806952,7.12627746,7.12531880,0.01345434,0.486133 µm.
7.13000000,-0.13506990,-0.15806952,7.12627746,7.12531880,0.01345434,0.486133 µm.
7.36000000,-0.14445985,-0.16923513,7.35621994,7.35516779,0.01430499,0.486133 µm.
7.36000000,-0.14445985,-0.16923513,7.35621994,7.35516779,0.01430499,0.486133 µm.
7.59000000,-0.15409810,-0.18073994,7.58616808,7.58501678,0.01517860,0.486133 µm.
7.59000000,-0.15409810,-0.18073994,7.58616808,7.58501678,0.01517860,0.486133 µm.
7.82000000,-0.16397998,-0.19258250,7.81612200,7.81486578,0.01607478,0.486133 µm.
7.82000000,-0.16397998,-0.19258250,7.81612200,7.81486578,0.01607478,0.486133 µm.
8.05000000,-0.17410068,-0.20476137,8.04608182,8.04471477,0.01699313,0.486133 µm.
8.05000000,-0.17410068,-0.20476137,8.04608182,8.04471477,0.01699313,0.486133 µm.
8.28000000,-0.18445523,-0.21727502,8.27604766,8.27456376,0.01793326,0.486133 µm.
8.28000000,-0.18445523,-0.21727502,8.27604766,8.27456376,0.01793326,0.486133 µm.
8.51000000,-0.19503855,-0.23012191,8.50601964,8.50441276,0.01889475,0.486133 µm.
8.51000000,-0.19503855,-0.23012191,8.50601964,8.50441276,0.01889475,0.486133 µm.
8.74000000,-0.20584538,-0.24330043,8.73599787,8.73426175,0.01987716,0.486133 µm.
8.74000000,-0.20584538,-0.24330043,8.73599787,8.73426175,0.01987716,0.486133 µm.
8.97000000,-0.21687034,-0.25680896,8.96598245,8.96411074,0.02088007,0.486133 µm.
8.97000000,-0.21687034,-0.25680896,8.96598245,8.96411074,0.02088007,0.486133 µm.
9.20000000,-0.22810789,-0.27064580,9.19597349,9.19395974,0.02190300,0.486133 µm.
9.20000000,-0.22810789,-0.27064580,9.19597349,9.19395974,0.02190300,0.486133 µm.
9.43000000,-0.23955236,-0.28480924,9.42597107,9.42380873,0.02294550,0.486133 µm.
9.43000000,-0.23955236,-0.28480924,9.42597107,9.42380873,0.02294550,0.486133 µm.
9.66000000,-0.25119792,-0.29929752,9.65597529,9.65365772,0.02400709,0.486133 µm.
9.66000000,-0.25119792,-0.29929752,9.65597529,9.65365772,0.02400709,0.486133 µm.
9.89000000,-0.26303860,-0.31410882,9.88598622,9.88350672,0.02508729,0.486133 µm.
9.89000000,-0.26303860,-0.31410882,9.88598622,9.88350672,0.02508729,0.486133 µm.
10.12000000,-0.27506830,-0.32924129,10.11600395,10.11335571,0.02618559,0.486133 µm.
10.12000000,-0.27506830,-0.32924129,10.11600395,10.11335571,0.02618559,0.486133 µm.
10.35000000,-0.28728076,-0.34469305,10.34602855,10.34320470,0.02730147,0.486133 µm.
10.35000000,-0.28728076,-0.34469305,10.34602855,10.34320470,0.02730147,0.486133 µm.
10.58000000,-0.29966957,-0.36046217,10.57606008,10.57305370,0.02843442,0.486133 µm.
10.58000000,-0.29966957,-0.36046217,10.57606008,10.57305370,0.02843442,0.486133 µm.
10.81000000,-0.31222819,-0.37654666,10.80609861,10.80290269,0.02958389,0.486133 µm.
10.81000000,-0.31222819,-0.37654666,10.80609861,10.80290269,0.02958389,0.486133 µm.
11.04000000,-0.32494993,-0.39294452,11.03614418,11.03275168,0.03074933,0.486133 µm.
11.04000000,-0.32494993,-0.39294452,11.03614418,11.03275168,0.03074933,0.486133 µm.
11.27000000,-0.33782794,-0.40965369,11.26619685,11.26260068,0.03193019,0.486133 µm.
11.27000000,-0.33782794,-0.40965369,11.26619685,11.26260068,0.03193019,0.486133 µm.
11.50000000,-0.35085525,-0.42667206,11.49625665,11.49244967,0.03312589,0.486133 µm.
11.50000000,-0.35085525,-0.42667206,11.49625665,11.49244967,0.03312589,0.486133 µm.
11.73000000,-0.36402472,-0.44399751,11.72632361,11.72229866,0.03433583,0.486133 µm.
11.73000000,-0.36402472,-0.44399751,11.72632361,11.72229866,0.03433583,0.486133 µm.
11.96000000,-0.37732907,-0.46162784,11.95639777,11.95214766,0.03555943,0.486133 µm.
11.96000000,-0.37732907,-0.46162784,11.95639777,11.95214766,0.03555943,0.486133 µm.
12.19000000,-0.39076089,-0.47956084,12.18647915,12.18199665,0.03679607,0.486133 µm.
12.19000000,-0.39076089,-0.47956084,12.18647915,12.18199665,0.03679607,0.486133 µm.
12.42000000,-0.40431260,-0.49779425,12.41656775,12.41184564,0.03804513,0.486133 µm.
12.42000000,-0.40431260,-0.49779425,12.41656775,12.41184564,0.03804513,0.486133 µm.
12.65000000,-0.41797648,-0.51632576,12.64666358,12.64169464,0.03930597,0.486133 µm.
12.65000000,-0.41797648,-0.51632576,12.64666358,12.64169464,0.03930597,0.486133 µm.
12.88000000,-0.43174468,-0.53515304,12.87676664,12.87154363,0.04057795,0.486133 µm.
12.88000000,-0.43174468,-0.53515304,12.87676664,12.87154363,0.04057795,0.486133 µm.
13.11000000,-0.44560917,-0.55427368,13.10687692,13.10139262,0.04186040,0.486133 µm.
13.11000000,-0.44560917,-0.55427368,13.10687692,13.10139262,0.04186040,0.486133 µm.
13.34000000,-0.45956179,-0.57368529,13.33699440,13.33124162,0.04315265,0.486133 µm.
13.34000000,-0.45956179,-0.57368529,13.33699440,13.33124162,0.04315265,0.486133 µm.
13.57000000,-0.47359425,-0.59338537,13.56711906,13.56109061,0.04445401,0.486133 µm.
13.57000000,-0.47359425,-0.59338537,13.56711906,13.56109061,0.04445401,0.486133 µm.
13.80000000,-0.48769806,-0.61337145,13.79725086,13.79093960,0.04576379,0.486133 µm.
13.80000000,-0.48769806,-0.61337145,13.79725086,13.79093960,0.04576379,0.486133 µm.
14.03000000,-0.50186464,-0.63364096,14.02738976,14.02078860,0.04708128,0.486133 µm.
14.03000000,-0.50186464,-0.63364096,14.02738976,14.02078860,0.04708128,0.486133 µm.
14.26000000,-0.51608521,-0.65419132,14.25753572,14.25063759,0.04840574,0.486133 µm.
14.26000000,-0.51608521,-0.65419132,14.25753572,14.25063759,0.04840574,0.486133 µm.
14.49000000,-0.53035087,-0.67501992,14.48768867,14.48048658,0.04973646,0.486133 µm.
14.49000000,-0.53035087,-0.67501992,14.48768867,14.48048658,0.04973646,0.486133 µm.
14.72000000,-0.54465255,-0.69612409,14.71784854,14.71033558,0.05107267,0.486133 µm.
14.72000000,-0.54465255,-0.69612409,14.71784854,14.71033558,0.05107267,0.486133 µm.
14.95000000,-0.55898105,-0.71750112,14.94801526,14.94018457,0.05241362,0.486133 µm.
14.95000000,-0.55898105,-0.71750112,14.94801526,14.94018457,0.05241362,0.486133 µm.
15.18000000,-0.57332701,-0.73914827,15.17818875,15.17003356,0.05375854,0.486133 µm.
15.18000000,-0.57332701,-0.73914827,15.17818875,15.17003356,0.05375854,0.486133 µm.
15.41000000,-0.58768089,-0.76106276,15.40836891,15.39988256,0.05510663,0.486133 µm.
15.41000000,-0.58768089,-0.76106276,15.40836891,15.39988256,0.05510663,0.486133 µm.
15.64000000,-0.60203304,-0.78324178,15.63855564,15.62973155,0.05645711,0.486133 µm.
15.64000000,-0.60203304,-0.78324178,15.63855564,15.62973155,0.05645711,0.486133 µm.
15.87000000,-0.61637362,-0.80568245,15.86874883,15.85958054,0.05780914,0.486133 µm.
15.87000000,-0.61637362,-0.80568245,15.86874883,15.85958054,0.05780914,0.486133 µm.
16.10000000,-0.63069266,-0.82838188,16.09894835,16.08942954,0.05916192,0.486133 µm.
16.10000000,-0.63069266,-0.82838188,16.09894835,16.08942954,0.05916192,0.486133 µm.
16.33000000,-0.64498002,-0.85133714,16.32915408,16.31927853,0.06051461,0.486133 µm.
16.33000000,-0.64498002,-0.85133714,16.32915408,16.31927853,0.06051461,0.486133 µm.
16.56000000,-0.65922541,-0.87454525,16.55936587,16.54912752,0.06186635,0.486133 µm.
16.56000000,-0.65922541,-0.87454525,16.55936587,16.54912752,0.06186635,0.486133 µm.
16.79000000,-0.67341837,-0.89800319,16.78958356,16.77897652,0.06321628,0.486133 µm.
16.79000000,-0.67341837,-0.89800319,16.78958356,16.77897652,0.06321628,0.486133 µm.
17.02000000,-0.68754830,-0.92170791,17.01980701,17.00882551,0.06456352,0.486133 µm.
17.02000000,-0.68754830,-0.92170791,17.01980701,17.00882551,0.06456352,0.486133 µm.
17.25000000,-0.70160444,-0.94565632,17.25003603,17.23867450,0.06590719,0.486133 µm.
17.25000000,-0.70160444,-0.94565632,17.25003603,17.23867450,0.06590719,0.486133 µm.
17.48000000,-0.71557585,-0.96984529,17.48027045,17.46852350,0.06724638,0.486133 µm.
17.48000000,-0.71557585,-0.96984529,17.48027045,17.46852350,0.06724638,0.486133 µm.
17.71000000,-0.72945144,-0.99427165,17.71051007,17.69837249,0.06858018,0.486133 µm.
17.71000000,-0.72945144,-0.99427165,17.71051007,17.69837249,0.06858018,0.486133 µm.
17.94000000,-0.74321997,-1.01893220,17.94075469,17.92822148,0.06990766,0.486133 µm.
17.94000000,-0.74321997,-1.01893220,17.94075469,17.92822148,0.06990766,0.486133 µm.
18.17000000,-0.75687001,-1.04382370,18.17100409,18.15807048,0.07122788,0.486133 µm.
18.17000000,-0.75687001,-1.04382370,18.17100409,18.15807048,0.07122788,0.486133 µm.
18.40000000,-0.77039000,-1.06894285,18.40125805,18.38791947,0.07253988,0.486133 µm.
18.40000000,-0.77039000,-1.06894285,18.40125805,18.38791947,0.07253988,0.486133 µm.
18.63000000,-0.78376819,-1.09428636,18.63151633,18.61776846,0.07384270,0.486133 µm.
18.63000000,-0.78376819,-1.09428636,18.63151633,18.61776846,0.07384270,0.486133 µm.
18.86000000,-0.79699266,-1.11985085,18.86177868,18.84761746,0.07513536,0.486133 µm.
18.86000000,-0.79699266,-1.11985085,18.86177868,18.84761746,0.07513536,0.486133 µm.
19.09000000,-0.81005133,-1.14563294,19.09204485,19.07746645,0.07641685,0.486133 µm.
19.09000000,-0.81005133,-1.14563294,19.09204485,19.07746645,0.07641685,0.486133 µm.
19.32000000,-0.82293196,-1.17162919,19.32231456,19.30731545,0.07768618,0.486133 µm.
19.32000000,-0.82293196,-1.17162919,19.32231456,19.30731545,0.07768618,0.486133 µm.
19.55000000,-0.83562212,-1.19783613,19.55258753,19.53716444,0.07894233,0.486133 µm.
19.55000000,-0.83562212,-1.19783613,19.55258753,19.53716444,0.07894233,0.486133 µm.
19.78000000,-0.84810922,-1.22425027,19.78286346,19.76701343,0.08018425,0.486133 µm.
19.78000000,-0.84810922,-1.22425027,19.78286346,19.76701343,0.08018425,0.486133 µm.
20.01000000,-0.86038050,-1.25086806,20.01314205,19.99686243,0.08141090,0.486133 µm.
20.01000000,-0.86038050,-1.25086806,20.01314205,19.99686243,0.08141090,0.486133 µm.
20.24000000,-0.87242301,-1.27768592,20.24342298,20.22671142,0.08262123,0.486133 µm.
20.24000000,-0.87242301,-1.27768592,20.24342298,20.22671142,0.08262123,0.486133 µm.
20.47000000,-0.88422363,-1.30470023,20.47370590,20.45656041,0.08381415,0.486133 µm.
20.47000000,-0.88422363,-1.30470023,20.47370590,20.45656041,0.08381415,0.486133 µm.
20.70000000,-0.89576906,-1.33190735,20.70399049,20.68640941,0.08498858,0.486133 µm.
20.70000000,-0.89576906,-1.33190735,20.70399049,20.68640941,0.08498858,0.486133 µm.
20.93000000,-0.90704583,-1.35930358,20.93427638,20.91625840,0.08614342,0.486133 µm.
20.93000000,-0.90704583,-1.35930358,20.93427638,20.91625840,0.08614342,0.486133 µm.
21.16000000,-0.91804026,-1.38688519,21.16456320,21.14610739,0.08727755,0.486133 µm.
21.16000000,-0.91804026,-1.38688519,21.16456320,21.14610739,0.08727755,0.486133 µm.
21.39000000,-0.92873852,-1.41464843,21.39485056,21.37595639,0.08838984,0.486133 µm.
21.39000000,-0.92873852,-1.41464843,21.39485056,21.37595639,0.08838984,0.486133 µm.
21.62000000,-0.93912656,-1.44258950,21.62513807,21.60580538,0.08947916,0.486133 µm.
21.62000000,-0.93912656,-1.44258950,21.62513807,21.60580538,0.08947916,0.486133 µm.
21.85000000,-0.94919016,-1.47070456,21.85542532,21.83565437,0.09054434,0.486133 µm.
21.85000000,-0.94919016,-1.47070456,21.85542532,21.83565437,0.09054434,0.486133 µm.
22.08000000,-0.95891492,-1.49898973,22.08571188,22.06550337,0.09158422,0.486133 µm.
22.08000000,-0.95891492,-1.49898973,22.08571188,22.06550337,0.09158422,0.486133 µm.
22.31000000,-0.96828621,-1.52744113,22.31599732,22.29535236,0.09259761,0.486133 µm.
22.31000000,-0.96828621,-1.52744113,22.31599732,22.29535236,0.09259761,0.486133 µm.
22.54000000,-0.97728925,-1.55605478,22.54628118,22.52520135,0.09358331,0.486133 µm.
22.54000000,-0.97728925,-1.55605478,22.54628118,22.52520135,0.09358331,0.486133 µm.
22.77000000,-0.98590902,-1.58482673,22.77656300,22.75505035,0.09454012,0.486133 µm.
22.77000000,-0.98590902,-1.58482673,22.77656300,22.75505035,0.09454012,0.486133 µm.
23.00000000,-0.99413034,-1.61375295,23.00684229,22.98489934,0.09546681,0.486133 µm.
23.00000000,-0.99413034,-1.61375295,23.00684229,22.98489934,0.09546681,0.486133 µm.
0.00000000,0.09179588,0.09179588,0.00000000,0.00000000,0.00000000,0.587562 µm.
0.00000000,0.09179588,0.09179588,0.00000000,0.00000000,0.00000000,0.587562 µm.
0.23000000,0.09161779,0.09160868,0.22977907,0.22977903,0.00001613,0.587562 µm.
0.23000000,0.09161779,0.09160868,0.22977907,0.22977903,0.00001613,0.587562 µm.
0.46000000,0.09108065,0.09104710,0.45955836,0.45955807,0.00006450,0.587562 µm.
0.46000000,0.09108065,0.09104710,0.45955836,0.45955807,0.00006450,0.587562 µm.
0.69000000,0.09018466,0.09011122,0.68933810,0.68933710,0.00014511,0.587562 µm.
0.69000000,0.09018466,0.09011122,0.68933810,0.68933710,0.00014511,0.587562 µm.
0.92000000,0.08893016,0.08880113,0.91911850,0.91911613,0.00025792,0.587562 µm.
0.92000000,0.08893016,0.08880113,0.91911850,0.91911613,0.00025792,0.587562 µm.
1.15000000,0.08731764,0.08711700,1.14889979,1.14889516,0.00040290,0.587562 µm.
1.15000000,0.08731764,0.08711700,1.14889979,1.14889516,0.00040290,0.587562 µm.
1.38000000,0.08534774,0.08505902,1.37868219,1.37867420,0.00057999,0.587562 µm.
1.38000000,0.08534774,0.08505902,1.37868219,1.37867420,0.00057999,0.587562 µm.
1.61000000,0.08302121,0.08262743,1.60846592,1.60845323,0.00078913,0.587562 µm.
1.61000000,0.08302121,0.08262743,1.60846592,1.60845323,0.00078913,0.587562 µm.
1.84000000,0.08033898,0.07982252,1.83825120,1.83823226,0.00103025,0.587562 µm.
1.84000000,0.08033898,0.07982252,1.83825120,1.83823226,0.00103025,0.587562 µm.
2.07000000,0.07730209,0.07664462,2.06803825,2.06801130,0.00130326,0.587562 µm.
2.07000000,0.07730209,0.07664462,2.06803825,2.06801130,0.00130326,0.587562 µm.
2.30000000,0.07391174,0.07309410,2.29782728,2.29779033,0.00160807,0.587562 µm.
2.30000000,0.07391174,0.07309410,2.29782728,2.29779033,0.00160807,0.587562 µm.
2.53000000,0.07016925,0.06917139,2.52761851,2.52756936,0.00194457,0.587562 µm.
2.53000000,0.07016925,0.06917139,2.52761851,2.52756936,0.00194457,0.587562 µm.
2.76000000,0.06607611,0.06487693,2.75741216,2.75734839,0.00231265,0.587562 µm.
2.76000000,0.06607611,0.06487693,2.75741216,2.75734839,0.00231265,0.587562 µm.
2.99000000,0.06163393,0.06021124,2.98720844,2.98712743,0.00271216,0.587562 µm.
2.99000000,0.06163393,0.06021124,2.98720844,2.98712743,0.00271216,0.587562 µm.
3.22000000,0.05684446,0.05517487,3.21700757,3.21690646,0.00314298,0.587562 µm.
3.22000000,0.05684446,0.05517487,3.21700757,3.21690646,0.00314298,0.587562 µm.
3.45000000,0.05170961,0.04976840,3.44680974,3.44668549,0.00360494,0.587562 µm.
3.45000000,0.05170961,0.04976840,3.44680974,3.44668549,0.00360494,0.587562 µm.
3.68000000,0.04623140,0.04399248,3.67661518,3.67646452,0.00409789,0.587562 µm.
3.68000000,0.04623140,0.04399248,3.67661518,3.67646452,0.00409789,0.587562 µm.
3.91000000,0.04041202,0.03784778,3.90642409,3.90624356,0.00462164,0.587562 µm.
3.91000000,0.04041202,0.03784778,3.90642409,3.90624356,0.00462164,0.587562 µm.
4.14000000,0.03425378,0.03133502,4.13623667,4.13602259,0.00517602,0.587562 µm.
4.14000000,0.03425378,0.03133502,4.13623667,4.13602259,0.00517602,0.587562 µm.
4.37000000,0.02775914,0.02445499,4.36605313,4.36580162,0.00576083,0.587562 µm.
4.37000000,0.02775914,0.02445499,4.36605313,4.36580162,0.00576083,0.587562 µm.
4.60000000,0.02093071,0.01720847,4.59587366,4.59558066,0.00637584,0.587562 µm.
4.60000000,0.02093071,0.01720847,4.59587366,4.59558066,0.00637584,0.587562 µm.
4.83000000,0.01377122,0.00959634,4.82569847,4.82535969,0.00702086,0.587562 µm.
4.83000000,0.01377122,0.00959634,4.82569847,4.82535969,0.00702086,0.587562 µm.
5.06000000,0.00628356,0.00161948,5.05552775,5.05513872,0.00769564,0.587562 µm.
5.06000000,0.00628356,0.00161948,5.05552775,5.05513872,0.00769564,0.587562 µm.
5.29000000,-0.00152926,-0.00672116,5.28536168,5.28491775,0.00839993,0.587562 µm.
5.29000000,-0.00152926,-0.00672116,5.28536168,5.28491775,0.00839993,0.587562 µm.
5.52000000,-0.00966407,-0.01542460,5.51520047,5.51469679,0.00913349,0.587562 µm.
5.52000000,-0.00966407,-0.01542460,5.51520047,5.51469679,0.00913349,0.587562 µm.
5.75000000,-0.01811757,-0.02448981,5.74504430,5.74447582,0.00989605,0.587562 µm.
5.75000000,-0.01811757,-0.02448981,5.74504430,5.74447582,0.00989605,0.587562 µm.
5.98000000,-0.02688632,-0.03391572,5.97489334,5.97425485,0.01068733,0.587562 µm.
5.98000000,-0.02688632,-0.03391572,5.97489334,5.97425485,0.01068733,0.587562 µm.
6.21000000,-0.03596674,-0.04370122,6.20474779,6.20403389,0.01150704,0.587562 µm.
6.21000000,-0.03596674,-0.04370122,6.20474779,6.20403389,0.01150704,0.587562 µm.
6.44000000,-0.04535510,-0.05384516,6.43460781,6.43381292,0.01235488,0.587562 µm.
6.44000000,-0.04535510,-0.05384516,6.43460781,6.43381292,0.01235488,0.587562 µm.
6.67000000,-0.05504753,-0.06434633,6.66447358,6.66359195,0.01323054,0.587562 µm.
6.67000000,-0.05504753,-0.06434633,6.66447358,6.66359195,0.01323054,0.587562 µm.
6.90000000,-0.06504004,-0.07520348,6.89434527,6.89337098,0.01413370,0.587562 µm.
6.90000000,-0.06504004,-0.07520348,6.89434527,6.89337098,0.01413370,0.587562 µm.
7.13000000,-0.07532849,-0.08641535,7.12422305,7.12315002,0.01506402,0.587562 µm.
7.13000000,-0.07532849,-0.08641535,7.12422305,7.12315002,0.01506402,0.587562 µm.
7.36000000,-0.08590857,-0.09798060,7.35410707,7.35292905,0.01602115,0.587562 µm.
7.36000000,-0.08590857,-0.09798060,7.35410707,7.35292905,0.01602115,0.587562 µm.
7.59000000,-0.09677588,-0.10989785,7.58399750,7.58270808,0.01700473,0.587562 µm.
7.59000000,-0.09677588,-0.10989785,7.58399750,7.58270808,0.01700473,0.587562 µm.
7.82000000,-0.10792585,-0.12216570,7.81389449,7.81248711,0.01801440,0.587562 µm.
7.82000000,-0.10792585,-0.12216570,7.81389449,7.81248711,0.01801440,0.587562 µm.
8.05000000,-0.11935377,-0.13478270,8.04379818,8.04226615,0.01904978,0.587562 µm.
8.05000000,-0.11935377,-0.13478270,8.04379818,8.04226615,0.01904978,0.587562 µm.
8.28000000,-0.13105480,-0.14774733,8.27370873,8.27204518,0.02011047,0.587562 µm.
8.28000000,-0.13105480,-0.14774733,8.27370873,8.27204518,0.02011047,0.587562 µm.
8.51000000,-0.14302395,-0.16105808,8.50362627,8.50182421,0.02119607,0.587562 µm.
8.51000000,-0.14302395,-0.16105808,8.50362627,8.50182421,0.02119607,0.587562 µm.
8.74000000,-0.15525609,-0.17471335,8.73355093,8.73160325,0.02230616,0.587562 µm.
8.74000000,-0.15525609,-0.17471335,8.73355093,8.73160325,0.02230616,0.587562 µm.
8.97000000,-0.16774597,-0.18871152,8.96348285,8.96138228,0.02344031,0.587562 µm.
8.97000000,-0.16774597,-0.18871152,8.96348285,8.96138228,0.02344031,0.587562 µm.
9.20000000,-0.18048817,-0.20305093,9.19342216,9.19116131,0.02459809,0.587562 µm.
9.20000000,-0.18048817,-0.20305093,9.19342216,9.19116131,0.02459809,0.587562 µm.
9.43000000,-0.19347714,-0.21772987,9.42336897,9.42094034,0.02577904,0.587562 µm.
9.43000000,-0.19347714,-0.21772987,9.42336897,9.42094034,0.02577904,0.587562 µm.
9.66000000,-0.20670721,-0.23274659,9.65332340,9.65071938,0.02698270,0.587562 µm.
9.66000000,-0.20670721,-0.23274659,9.65332340,9.65071938,0.02698270,0.587562 µm.
9.89000000,-0.22017253,-0.24809930,9.88328556,9.88049841,0.02820860,0.587562 µm.
9.89000000,-0.22017253,-0.24809930,9.88328556,9.88049841,0.02820860,0.587562 µm.
10.12000000,-0.23386715,-0.26378618,10.11325555,10.11027744,0.02945625,0.587562 µm.
10.12000000,-0.23386715,-0.26378618,10.11325555,10.11027744,0.02945625,0.587562 µm.
10.35000000,-0.24778496,-0.27980533,10.34323347,10.34005648,0.03072516,0.587562 µm.
10.35000000,-0.24778496,-0.27980533,10.34323347,10.34005648,0.03072516,0.587562 µm.
10.58000000,-0.26191970,-0.29615486,10.57321942,10.56983551,0.03201481,0.587562 µm.
10.58000000,-0.26191970,-0.29615486,10.57321942,10.56983551,0.03201481,0.587562 µm.
10.81000000,-0.27626499,-0.31283281,10.80321348,10.79961454,0.03332468,0.587562 µm.
10.81000000,-0.27626499,-0.31283281,10.80321348,10.79961454,0.03332468,0.587562 µm.
11.04000000,-0.29081429,-0.32983718,11.03321573,11.02939357,0.03465424,0.587562 µm.
11.04000000,-0.29081429,-0.32983718,11.03321573,11.02939357,0.03465424,0.587562 µm.
11.27000000,-0.30556094,-0.34716593,11.26322624,11.25917261,0.03600294,0.587562 µm.
11.27000000,-0.30556094,-0.34716593,11.26322624,11.25917261,0.03600294,0.587562 µm.
11.50000000,-0.32049812,-0.36481699,11.49324509,11.48895164,0.03737023,0.587562 µm.
11.50000000,-0.32049812,-0.36481699,11.49324509,11.48895164,0.03737023,0.587562 µm.
11.73000000,-0.33561887,-0.38278823,11.72327233,11.71873067,0.03875554,0.587562 µm.
11.73000000,-0.33561887,-0.38278823,11.72327233,11.71873067,0.03875554,0.587562 µm.
11.96000000,-0.35091610,-0.40107750,11.95330802,11.94850970,0.04015829,0.587562 µm.
11.96000000,-0.35091610,-0.40107750,11.95330802,11.94850970,0.04015829,0.587562 µm.
12.19000000,-0.36638257,-0.41968261,12.18335221,12.17828874,0.04157788,0.587562 µm.
12.19000000,-0.36638257,-0.41968261,12.18335221,12.17828874,0.04157788,0.587562 µm.
12.42000000,-0.38201090,-0.43860130,12.41340494,12.40806777,0.04301372,0.587562 µm.
12.42000000,-0.38201090,-0.43860130,12.41340494,12.40806777,0.04301372,0.587562 µm.
12.65000000,-0.39779358,-0.45783130,12.64346624,12.63784680,0.04446518,0.587562 µm.
12.65000000,-0.39779358,-0.45783130,12.64346624,12.63784680,0.04446518,0.587562 µm.
12.88000000,-0.41372293,-0.47737028,12.87353615,12.86762584,0.04593163,0.587562 µm.
12.88000000,-0.41372293,-0.47737028,12.87353615,12.86762584,0.04593163,0.587562 µm.
13.11000000,-0.42979115,-0.49721590,13.10361467,13.09740487,0.04741244,0.587562 µm.
13.11000000,-0.42979115,-0.49721590,13.10361467,13.09740487,0.04741244,0.587562 µm.
13.34000000,-0.44599028,-0.51736575,13.33370182,13.32718390,0.04890694,0.587562 µm.
13.34000000,-0.44599028,-0.51736575,13.33370182,13.32718390,0.04890694,0.587562 µm.
13.57000000,-0.46231225,-0.53781739,13.56379761,13.55696293,0.05041449,0.587562 µm.
13.57000000,-0.46231225,-0.53781739,13.56379761,13.55696293,0.05041449,0.587562 µm.
13.80000000,-0.47874881,-0.55856834,13.79390203,13.78674197,0.05193440,0.587562 µm.
13.80000000,-0.47874881,-0.55856834,13.79390203,13.78674197,0.05193440,0.587562 µm.
14.03000000,-0.49529157,-0.57961608,14.02401507,14.01652100,0.05346598,0.587562 µm.
14.03000000,-0.49529157,-0.57961608,14.02401507,14.01652100,0.05346598,0.587562 µm.
14.26000000,-0.51193203,-0.60095806,14.25413671,14.24630003,0.05500853,0.587562 µm.
14.26000000,-0.51193203,-0.60095806,14.25413671,14.24630003,0.05500853,0.587562 µm.
14.49000000,-0.52866150,-0.62259168,14.48426693,14.47607907,0.05656133,0.587562 µm.
14.49000000,-0.52866150,-0.62259168,14.48426693,14.47607907,0.05656133,0.587562 µm.
14.72000000,-0.54547117,-0.64451430,14.71440568,14.70585810,0.05812367,0.587562 µm.
14.72000000,-0.54547117,-0.64451430,14.71440568,14.70585810,0.05812367,0.587562 µm.
14.95000000,-0.56235209,-0.66672325,14.94455293,14.93563713,0.05969480,0.587562 µm.
14.95000000,-0.56235209,-0.66672325,14.94455293,14.93563713,0.05969480,0.587562 µm.
15.18000000,-0.57929515,-0.68921582,15.17470862,15.16541616,0.06127397,0.587562 µm.
15.18000000,-0.57929515,-0.68921582,15.17470862,15.16541616,0.06127397,0.587562 µm.
15.41000000,-0.59629110,-0.71198926,15.40487268,15.39519520,0.06286042,0.587562 µm.
15.41000000,-0.59629110,-0.71198926,15.40487268,15.39519520,0.06286042,0.587562 µm.
15.64000000,-0.61333054,-0.73504077,15.63504505,15.62497423,0.06445338,0.587562 µm.
15.64000000,-0.61333054,-0.73504077,15.63504505,15.62497423,0.06445338,0.587562 µm.
15.87000000,-0.63040391,-0.75836752,15.86522565,15.85475326,0.06605206,0.587562 µm.
15.87000000,-0.63040391,-0.75836752,15.86522565,15.85475326,0.06605206,0.587562 µm.
16.10000000,-0.64750154,-0.78196666,16.09541439,16.08453230,0.06765566,0.587562 µm.
16.10000000,-0.64750154,-0.78196666,16.09541439,16.08453230,0.06765566,0.587562 µm.
16.33000000,-0.66461357,-0.80583527,16.32561117,16.31431133,0.06926336,0.587562 µm.
16.33000000,-0.66461357,-0.80583527,16.32561117,16.31431133,0.06926336,0.587562 µm.
16.56000000,-0.68173002,-0.82997041,16.55581588,16.54409036,0.07087435,0.587562 µm.
16.56000000,-0.68173002,-0.82997041,16.55581588,16.54409036,0.07087435,0.587562 µm.
16.79000000,-0.69884073,-0.85436910,16.78602840,16.77386939,0.07248778,0.587562 µm.
16.79000000,-0.69884073,-0.85436910,16.78602840,16.77386939,0.07248778,0.587562 µm.
17.02000000,-0.71593542,-0.87902833,17.01624861,17.00364843,0.07410281,0.587562 µm.
17.02000000,-0.71593542,-0.87902833,17.01624861,17.00364843,0.07410281,0.587562 µm.
17.25000000,-0.73300364,-0.90394503,17.24647636,17.23342746,0.07571857,0.587562 µm.
17.25000000,-0.73300364,-0.90394503,17.24647636,17.23342746,0.07571857,0.587562 µm.
17.48000000,-0.75003479,-0.92911612,17.47671152,17.46320649,0.07733419,0.587562 µm.
17.48000000,-0.75003479,-0.92911612,17.47671152,17.46320649,0.07733419,0.587562 µm.
17.71000000,-0.76701812,-0.95453846,17.70695392,17.69298552,0.07894878,0.587562 µm.
17.71000000,-0.76701812,-0.95453846,17.70695392,17.69298552,0.07894878,0.587562 µm.
17.94000000,-0.78394273,-0.98020888,17.93720339,17.92276456,0.08056144,0.587562 µm.
17.94000000,-0.78394273,-0.98020888,17.93720339,17.92276456,0.08056144,0.587562 µm.
18.17000000,-0.80079756,-1.00612418,18.16745976,18.15254359,0.08217126,0.587562 µm.
18.17000000,-0.80079756,-1.00612418,18.16745976,18.15254359,0.08217126,0.587562 µm.
18.40000000,-0.81757139,-1.03228113,18.39772284,18.38232262,0.08377732,0.587562 µm.
18.40000000,-0.81757139,-1.03228113,18.39772284,18.38232262,0.08377732,0.587562 µm.
18.63000000,-0.83425284,-1.05867643,18.62799242,18.61210166,0.08537866,0.587562 µm.
18.63000000,-0.83425284,-1.05867643,18.62799242,18.61210166,0.08537866,0.587562 µm.
18.86000000,-0.85083039,-1.08530677,18.85826829,18.84188069,0.08697436,0.587562 µm.
18.86000000,-0.85083039,-1.08530677,18.85826829,18.84188069,0.08697436,0.587562 µm.
19.09000000,-0.86729233,-1.11216881,19.08855024,19.07165972,0.08856343,0.587562 µm.
19.09000000,-0.86729233,-1.11216881,19.08855024,19.07165972,0.08856343,0.587562 µm.
19.32000000,-0.88362683,-1.13925915,19.31883802,19.30143875,0.09014491,0.587562 µm.
19.32000000,-0.88362683,-1.13925915,19.31883802,19.30143875,0.09014491,0.587562 µm.
19.55000000,-0.89982187,-1.16657436,19.54913139,19.53121779,0.09171780,0.587562 µm.
19.55000000,-0.89982187,-1.16657436,19.54913139,19.53121779,0.09171780,0.587562 µm.
19.78000000,-0.91586527,-1.19411100,19.77943010,19.76099682,0.09328110,0.587562 µm.
19.78000000,-0.91586527,-1.19411100,19.77943010,19.76099682,0.09328110,0.587562 µm.
20.01000000,-0.93174468,-1.22186555,20.00973387,19.99077585,0.09483380,0.587562 µm.
20.01000000,-0.93174468,-1.22186555,20.00973387,19.99077585,0.09483380,0.587562 µm.
20.24000000,-0.94744761,-1.24983449,20.24004242,20.22055489,0.09637487,0.587562 µm.
20.24000000,-0.94744761,-1.24983449,20.24004242,20.22055489,0.09637487,0.587562 µm.
20.47000000,-0.96296137,-1.27801424,20.47035546,20.45033392,0.09790326,0.587562 µm.
20.47000000,-0.96296137,-1.27801424,20.47035546,20.45033392,0.09790326,0.587562 µm.
20.70000000,-0.97827313,-1.30640121,20.70067269,20.68011295,0.09941792,0.587562 µm.
20.70000000,-0.97827313,-1.30640121,20.70067269,20.68011295,0.09941792,0.587562 µm.
20.93000000,-0.99336987,-1.33499174,20.93099378,20.90989198,0.10091779,0.587562 µm.
20.93000000,-0.99336987,-1.33499174,20.93099378,20.90989198,0.10091779,0.587562 µm.
21.16000000,-1.00823841,-1.36378217,21.16131842,21.13967102,0.10240178,0.587562 µm.
21.16000000,-1.00823841,-1.36378217,21.16131842,21.13967102,0.10240178,0.587562 µm.
21.39000000,-1.02286538,-1.39276877,21.39164624,21.36945005,0.10386880,0.587562 µm.
21.39000000,-1.02286538,-1.39276877,21.39164624,21.36945005,0.10386880,0.587562 µm.
21.62000000,-1.03723725,-1.42194781,21.62197690,21.59922908,0.10531774,0.587562 µm.
21.62000000,-1.03723725,-1.42194781,21.62197690,21.59922908,0.10531774,0.587562 µm.
21.85000000,-1.05134031,-1.45131550,21.85231003,21.82900811,0.10674747,0.587562 µm.
21.85000000,-1.05134031,-1.45131550,21.85231003,21.82900811,0.10674747,0.587562 µm.
22.08000000,-1.06516068,-1.48086802,22.08264524,22.05878715,0.10815688,0.587562 µm.
22.08000000,-1.06516068,-1.48086802,22.08264524,22.05878715,0.10815688,0.587562 µm.
22.31000000,-1.07868426,-1.51060151,22.31298215,22.28856618,0.10954480,0.587562 µm.
22.31000000,-1.07868426,-1.51060151,22.31298215,22.28856618,0.10954480,0.587562 µm.
22.54000000,-1.09189682,-1.54051209,22.54332033,22.51834521,0.11091009,0.587562 µm.
22.54000000,-1.09189682,-1.54051209,22.54332033,22.51834521,0.11091009,0.587562 µm.
22.77000000,-1.10478390,-1.57059584,22.77365937,22.74812425,0.11225155,0.587562 µm.
22.77000000,-1.10478390,-1.57059584,22.77365937,22.74812425,0.11225155,0.587562 µm.
23.00000000,-1.11733089,-1.60084879,23.00399883,22.97790328,0.11356802,0.587562 µm.
23.00000000,-1.11733089,-1.60084879,23.00399883,22.97790328,0.11356802,0.587562 µm.
0.00000000,0.19494820,0.19494820,0.00000000,0.00000000,0.00000000,0.656273 µm.
0.00000000,0.19494820,0.19494820,0.00000000,0.00000000,0.00000000,0.656273 µm.
0.23000000,0.19476350,0.19475833,0.22973393,0.22973389,0.00001676,0.656273 µm.
0.23000000,0.19476350,0.19475833,0.22973393,0.22973389,0.00001676,0.656273 µm.
0.46000000,0.19420467,0.19418877,0.45946809,0.45946778,0.00006705,0.656273 µm.
0.46000000,0.19420467,0.19418877,0.45946809,0.45946778,0.00006705,0.656273 µm.
0.69000000,0.19327193,0.19323956,0.68920271,0.68920167,0.00015084,0.656273 µm.
0.69000000,0.19327193,0.19323956,0.68920271,0.68920167,0.00015084,0.656273 µm.
0.92000000,0.19196561,0.19191083,0.91893802,0.91893555,0.00026811,0.656273 µm.
0.92000000,0.19196561,0.19191083,0.91893802,0.91893555,0.00026811,0.656273 µm.
1.15000000,0.19028620,0.19020272,1.14867425,1.14866944,0.00041882,0.656273 µm.
1.15000000,0.19028620,0.19020272,1.14867425,1.14866944,0.00041882,0.656273 µm.
1.38000000,0.18823432,0.18811544,1.37841164,1.37840333,0.00060291,0.656273 µm.
1.38000000,0.18823432,0.18811544,1.37841164,1.37840333,0.00060291,0.656273 µm.
1.61000000,0.18581074,0.18564922,1.60815041,1.60813722,0.00082033,0.656273 µm.
1.61000000,0.18581074,0.18564922,1.60815041,1.60813722,0.00082033,0.656273 µm.
1.84000000,0.18301637,0.18280435,1.83789079,1.83787111,0.00107101,0.656273 µm.
1.84000000,0.18301637,0.18280435,1.83789079,1.83787111,0.00107101,0.656273 µm.
2.07000000,0.17985223,0.17958116,2.06763301,2.06760500,0.00135486,0.656273 µm.
2.07000000,0.17985223,0.17958116,2.06763301,2.06760500,0.00135486,0.656273 µm.
2.30000000,0.17631953,0.17598002,2.29737729,2.29733889,0.00167178,0.656273 µm.
2.30000000,0.17631953,0.17598002,2.29737729,2.29733889,0.00167178,0.656273 µm.
2.53000000,0.17241959,0.17200135,2.52712386,2.52707278,0.00202168,0.656273 µm.
2.53000000,0.17241959,0.17200135,2.52712386,2.52707278,0.00202168,0.656273 µm.
2.76000000,0.16815386,0.16764560,2.75687295,2.75680666,0.00240443,0.656273 µm.
2.76000000,0.16815386,0.16764560,2.75687295,2.75680666,0.00240443,0.656273 µm.
2.99000000,0.16352395,0.16291329,2.98662477,2.98654055,0.00281990,0.656273 µm.
2.99000000,0.16352395,0.16291329,2.98662477,2.98654055,0.00281990,0.656273 µm.
3.22000000,0.15853160,0.15780496,3.21637955,3.21627444,0.00326796,0.656273 µm.
3.22000000,0.15853160,0.15780496,3.21637955,3.21627444,0.00326796,0.656273 µm.
3.45000000,0.15317871,0.15232120,3.44613750,3.44600833,0.00374846,0.656273 µm.
3.45000000,0.15317871,0.15232120,3.44613750,3.44600833,0.00374846,0.656273 µm.
3.68000000,0.14746728,0.14646264,3.67589885,3.67574222,0.00426122,0.656273 µm.
3.68000000,0.14746728,0.14646264,3.67589885,3.67574222,0.00426122,0.656273 µm.
3.91000000,0.14139948,0.14022996,3.90566381,3.90547611,0.00480609,0.656273 µm.
3.91000000,0.14139948,0.14022996,3.90566381,3.90547611,0.00480609,0.656273 µm.
4.14000000,0.13497762,0.13362389,4.13543259,4.13521000,0.00538288,0.656273 µm.
4.14000000,0.13497762,0.13362389,4.13543259,4.13521000,0.00538288,0.656273 µm.
4.37000000,0.12820412,0.12664520,4.36520541,4.36494388,0.00599138,0.656273 µm.
4.37000000,0.12820412,0.12664520,4.36520541,4.36494388,0.00599138,0.656273 µm.
4.60000000,0.12108159,0.11929468,4.59498246,4.59467777,0.00663140,0.656273 µm.
4.60000000,0.12108159,0.11929468,4.59498246,4.59467777,0.00663140,0.656273 µm.
4.83000000,0.11361272,0.11157319,4.82476398,4.82441166,0.00730271,0.656273 µm.
4.83000000,0.11361272,0.11157319,4.82476398,4.82441166,0.00730271,0.656273 µm.
5.06000000,0.10580040,0.10348163,5.05455014,5.05414555,0.00800510,0.656273 µm.
5.06000000,0.10580040,0.10348163,5.05455014,5.05414555,0.00800510,0.656273 µm.
5.29000000,0.09764760,0.09502093,5.28434116,5.28387944,0.00873831,0.656273 µm.
5.29000000,0.09764760,0.09502093,5.28434116,5.28387944,0.00873831,0.656273 µm.
5.52000000,0.08915747,0.08619208,5.51413724,5.51361333,0.00950209,0.656273 µm.
5.52000000,0.08915747,0.08619208,5.51413724,5.51361333,0.00950209,0.656273 µm.
5.75000000,0.08033329,0.07699610,5.74393856,5.74334722,0.01029619,0.656273 µm.
5.75000000,0.08033329,0.07699610,5.74393856,5.74334722,0.01029619,0.656273 µm.
5.98000000,0.07117848,0.06743406,5.97374533,5.97308111,0.01112032,0.656273 µm.
5.98000000,0.07117848,0.06743406,5.97374533,5.97308111,0.01112032,0.656273 µm.
6.21000000,0.06169659,0.05750707,6.20355773,6.20281499,0.01197421,0.656273 µm.
6.21000000,0.06169659,0.05750707,6.20355773,6.20281499,0.01197421,0.656273 µm.
6.44000000,0.05189131,0.04721628,6.43337595,6.43254888,0.01285756,0.656273 µm.
6.44000000,0.05189131,0.04721628,6.43337595,6.43254888,0.01285756,0.656273 µm.
6.67000000,0.04176648,0.03656288,6.66320017,6.66228277,0.01377005,0.656273 µm.
6.67000000,0.04176648,0.03656288,6.66320017,6.66228277,0.01377005,0.656273 µm.
6.90000000,0.03132607,0.02554813,6.89303057,6.89201666,0.01471137,0.656273 µm.
6.90000000,0.03132607,0.02554813,6.89303057,6.89201666,0.01471137,0.656273 µm.
7.13000000,0.02057419,0.01417329,7.12286732,7.12175055,0.01568119,0.656273 µm.
7.13000000,0.02057419,0.01417329,7.12286732,7.12175055,0.01568119,0.656273 µm.
7.36000000,0.00951510,0.00243970,7.35271060,7.35148444,0.01667916,0.656273 µm.
7.36000000,0.00951510,0.00243970,7.35271060,7.35148444,0.01667916,0.656273 µm.
7.59000000,-0.00184681,-0.00965128,7.58256058,7.58121833,0.01770493,0.656273 µm.
7.59000000,-0.00184681,-0.00965128,7.58256058,7.58121833,0.01770493,0.656273 µm.
7.82000000,-0.01350703,-0.02209825,7.81241740,7.81095222,0.01875815,0.656273 µm.
7.82000000,-0.01350703,-0.02209825,7.81241740,7.81095222,0.01875815,0.656273 µm.
8.05000000,-0.02546087,-0.03489974,8.04228125,8.04068610,0.01983842,0.656273 µm.
8.05000000,-0.02546087,-0.03489974,8.04228125,8.04068610,0.01983842,0.656273 µm.
8.28000000,-0.03770353,-0.04805428,8.27215226,8.27041999,0.02094536,0.656273 µm.
8.28000000,-0.03770353,-0.04805428,8.27215226,8.27041999,0.02094536,0.656273 µm.
8.51000000,-0.05023007,-0.06156031,8.50203059,8.50015388,0.02207858,0.656273 µm.
8.51000000,-0.05023007,-0.06156031,8.50203059,8.50015388,0.02207858,0.656273 µm.
8.74000000,-0.06303541,-0.07541628,8.73191639,8.72988777,0.02323766,0.656273 µm.
8.74000000,-0.06303541,-0.07541628,8.73191639,8.72988777,0.02323766,0.656273 µm.
8.97000000,-0.07611431,-0.08962055,8.96180979,8.95962166,0.02442218,0.656273 µm.
8.97000000,-0.07611431,-0.08962055,8.96180979,8.95962166,0.02442218,0.656273 µm.
9.20000000,-0.08946142,-0.10417146,9.19171094,9.18935555,0.02563171,0.656273 µm.
9.20000000,-0.08946142,-0.10417146,9.19171094,9.18935555,0.02563171,0.656273 µm.
9.43000000,-0.10307123,-0.11906732,9.42161995,9.41908944,0.02686580,0.656273 µm.
9.43000000,-0.10307123,-0.11906732,9.42161995,9.41908944,0.02686580,0.656273 µm.
9.66000000,-0.11693811,-0.13430638,9.65153696,9.64882332,0.02812400,0.656273 µm.
9.66000000,-0.11693811,-0.13430638,9.65153696,9.64882332,0.02812400,0.656273 µm.
9.89000000,-0.13105628,-0.14988685,9.88146208,9.87855721,0.02940583,0.656273 µm.
9.89000000,-0.13105628,-0.14988685,9.88146208,9.87855721,0.02940583,0.656273 µm.
10.12000000,-0.14541982,-0.16580691,10.11139544,10.10829110,0.03071082,0.656273 µm.
10.12000000,-0.14541982,-0.16580691,10.11139544,10.10829110,0.03071082,0.656273 µm.
10.35000000,-0.16002267,-0.18206469,10.34133714,10.33802499,0.03203847,0.656273 µm.
10.35000000,-0.16002267,-0.18206469,10.34133714,10.33802499,0.03203847,0.656273 µm.
10.58000000,-0.17485864,-0.19865828,10.57128727,10.56775888,0.03338828,0.656273 µm.
10.58000000,-0.17485864,-0.19865828,10.57128727,10.56775888,0.03338828,0.656273 µm.
10.81000000,-0.18992138,-0.21558573,10.80124595,10.79749277,0.03475974,0.656273 µm.
10.81000000,-0.18992138,-0.21558573,10.80124595,10.79749277,0.03475974,0.656273 µm.
11.04000000,-0.20520444,-0.23284506,11.03121326,11.02722666,0.03615232,0.656273 µm.
11.04000000,-0.20520444,-0.23284506,11.03121326,11.02722666,0.03615232,0.656273 µm.
11.27000000,-0.22070119,-0.25043422,11.26118928,11.25696055,0.03756549,0.656273 µm.
11.27000000,-0.22070119,-0.25043422,11.26118928,11.25696055,0.03756549,0.656273 µm.
11.50000000,-0.23640487,-0.26835115,11.49117409,11.48669443,0.03899868,0.656273 µm.
11.50000000,-0.23640487,-0.26835115,11.49117409,11.48669443,0.03899868,0.656273 µm.
11.73000000,-0.25230861,-0.28659373,11.72116778,11.71642832,0.04045135,0.656273 µm.
11.73000000,-0.25230861,-0.28659373,11.72116778,11.71642832,0.04045135,0.656273 µm.
11.96000000,-0.26840535,-0.30515981,11.95117039,11.94616221,0.04192291,0.656273 µm.
11.96000000,-0.26840535,-0.30515981,11.95117039,11.94616221,0.04192291,0.656273 µm.
12.19000000,-0.28468794,-0.32404721,12.18118200,12.17589610,0.04341279,0.656273 µm.
12.19000000,-0.28468794,-0.32404721,12.18118200,12.17589610,0.04341279,0.656273 µm.
12.42000000,-0.30114906,-0.34325367,12.41120265,12.40562999,0.04492038,0.656273 µm.
12.42000000,-0.30114906,-0.34325367,12.41120265,12.40562999,0.04492038,0.656273 µm.
12.65000000,-0.31778126,-0.36277694,12.64123238,12.63536388,0.04644508,0.656273 µm.
12.65000000,-0.31778126,-0.36277694,12.64123238,12.63536388,0.04644508,0.656273 µm.
12.88000000,-0.33457693,-0.38261470,12.87127125,12.86509777,0.04798627,0.656273 µm.
12.88000000,-0.33457693,-0.38261470,12.87127125,12.86509777,0.04798627,0.656273 µm.
13.11000000,-0.35152836,-0.40276460,13.10131927,13.09483165,0.04954330,0.656273 µm.
13.11000000,-0.35152836,-0.40276460,13.10131927,13.09483165,0.04954330,0.656273 µm.
13.34000000,-0.36862766,-0.42322424,13.33137647,13.32456554,0.05111555,0.656273 µm.
13.34000000,-0.36862766,-0.42322424,13.33137647,13.32456554,0.05111555,0.656273 µm.
13.57000000,-0.38586682,-0.44399119,13.56144287,13.55429943,0.05270235,0.656273 µm.
13.57000000,-0.38586682,-0.44399119,13.56144287,13.55429943,0.05270235,0.656273 µm.
13.80000000,-0.40323769,-0.46506298,13.79151847,13.78403332,0.05430303,0.656273 µm.
13.80000000,-0.40323769,-0.46506298,13.79151847,13.78403332,0.05430303,0.656273 µm.
14.03000000,-0.42073195,-0.48643711,14.02160328,14.01376721,0.05591692,0.656273 µm.
14.03000000,-0.42073195,-0.48643711,14.02160328,14.01376721,0.05591692,0.656273 µm.
14.26000000,-0.43834118,-0.50811101,14.25169728,14.24350110,0.05754331,0.656273 µm.
14.26000000,-0.43834118,-0.50811101,14.25169728,14.24350110,0.05754331,0.656273 µm.
14.49000000,-0.45605678,-0.53008211,14.48180047,14.47323499,0.05918152,0.656273 µm.
14.49000000,-0.45605678,-0.53008211,14.48180047,14.47323499,0.05918152,0.656273 µm.
14.72000000,-0.47387004,-0.55234778,14.71191281,14.70296888,0.06083081,0.656273 µm.
14.72000000,-0.47387004,-0.55234778,14.71191281,14.70296888,0.06083081,0.656273 µm.
14.95000000,-0.49177208,-0.57490534,14.94203428,14.93270276,0.06249047,0.656273 µm.
14.95000000,-0.49177208,-0.57490534,14.94203428,14.93270276,0.06249047,0.656273 µm.
15.18000000,-0.50975388,-0.59775210,15.17216483,15.16243665,0.06415975,0.656273 µm.
15.18000000,-0.50975388,-0.59775210,15.17216483,15.16243665,0.06415975,0.656273 µm.
15.41000000,-0.52780630,-0.62088532,15.40230442,15.39217054,0.06583789,0.656273 µm.
15.41000000,-0.52780630,-0.62088532,15.40230442,15.39217054,0.06583789,0.656273 µm.
15.64000000,-0.54592003,-0.64430220,15.63245299,15.62190443,0.06752414,0.656273 µm.
15.64000000,-0.54592003,-0.64430220,15.63245299,15.62190443,0.06752414,0.656273 µm.
15.87000000,-0.56408563,-0.66799994,15.86261046,15.85163832,0.06921772,0.656273 µm.
15.87000000,-0.56408563,-0.66799994,15.86261046,15.85163832,0.06921772,0.656273 µm.
16.10000000,-0.58229349,-0.69197568,16.09277677,16.08137221,0.07091783,0.656273 µm.
16.10000000,-0.58229349,-0.69197568,16.09277677,16.08137221,0.07091783,0.656273 µm.
16.33000000,-0.60053389,-0.71622652,16.32295182,16.31110610,0.07262367,0.656273 µm.
16.33000000,-0.60053389,-0.71622652,16.32295182,16.31110610,0.07262367,0.656273 µm.
16.56000000,-0.61879693,-0.74074953,16.55313553,16.54083998,0.07433444,0.656273 µm.
16.56000000,-0.61879693,-0.74074953,16.55313553,16.54083998,0.07433444,0.656273 µm.
16.79000000,-0.63707259,-0.76554174,16.78332778,16.77057387,0.07604930,0.656273 µm.
16.79000000,-0.63707259,-0.76554174,16.78332778,16.77057387,0.07604930,0.656273 µm.
17.02000000,-0.65535068,-0.79060013,17.01352846,17.00030776,0.07776741,0.656273 µm.
17.02000000,-0.65535068,-0.79060013,17.01352846,17.00030776,0.07776741,0.656273 µm.
17.25000000,-0.67362087,-0.81592168,17.24373745,17.23004165,0.07948793,0.656273 µm.
17.25000000,-0.67362087,-0.81592168,17.24373745,17.23004165,0.07948793,0.656273 µm.
17.48000000,-0.69187269,-0.84150328,17.47395462,17.45977554,0.08120998,0.656273 µm.
17.48000000,-0.69187269,-0.84150328,17.47395462,17.45977554,0.08120998,0.656273 µm.
17.71000000,-0.71009550,-0.86734184,17.70417982,17.68950943,0.08293270,0.656273 µm.
17.71000000,-0.71009550,-0.86734184,17.70417982,17.68950943,0.08293270,0.656273 µm.
17.94000000,-0.72827853,-0.89343418,17.93441289,17.91924332,0.08465520,0.656273 µm.
17.94000000,-0.72827853,-0.89343418,17.93441289,17.91924332,0.08465520,0.656273 µm.
18.17000000,-0.74641083,-0.91977711,18.16465367,18.14897721,0.08637657,0.656273 µm.
18.17000000,-0.74641083,-0.91977711,18.16465367,18.14897721,0.08637657,0.656273 µm.
18.40000000,-0.76448133,-0.94636741,18.39490198,18.37871109,0.08809590,0.656273 µm.
18.40000000,-0.76448133,-0.94636741,18.39490198,18.37871109,0.08809590,0.656273 µm.
18.63000000,-0.78247878,-0.97320181,18.62515765,18.60844498,0.08981226,0.656273 µm.
18.63000000,-0.78247878,-0.97320181,18.62515765,18.60844498,0.08981226,0.656273 µm.
18.86000000,-0.80039179,-1.00027701,18.85542046,18.83817887,0.09152472,0.656273 µm.
18.86000000,-0.80039179,-1.00027701,18.85542046,18.83817887,0.09152472,0.656273 µm.
19.09000000,-0.81820881,-1.02758966,19.08569022,19.06791276,0.09323232,0.656273 µm.
19.09000000,-0.81820881,-1.02758966,19.08569022,19.06791276,0.09323232,0.656273 µm.
19.32000000,-0.83591812,-1.05513639,19.31596669,19.29764665,0.09493409,0.656273 µm.
19.32000000,-0.83591812,-1.05513639,19.31596669,19.29764665,0.09493409,0.656273 µm.
19.55000000,-0.85350787,-1.08291380,19.54624966,19.52738054,0.09662907,0.656273 µm.
19.55000000,-0.85350787,-1.08291380,19.54624966,19.52738054,0.09662907,0.656273 µm.
19.78000000,-0.87096602,-1.11091842,19.77653888,19.75711443,0.09831626,0.656273 µm.
19.78000000,-0.87096602,-1.11091842,19.77653888,19.75711443,0.09831626,0.656273 µm.
20.01000000,-0.88828039,-1.13914679,20.00683410,19.98684831,0.09999466,0.656273 µm.
20.01000000,-0.88828039,-1.13914679,20.00683410,19.98684831,0.09999466,0.656273 µm.
20.24000000,-0.90543862,-1.16759537,20.23713504,20.21658220,0.10166325,0.656273 µm.
20.24000000,-0.90543862,-1.16759537,20.23713504,20.21658220,0.10166325,0.656273 µm.
20.47000000,-0.92242822,-1.19626063,20.46744143,20.44631609,0.10332101,0.656273 µm.
20.47000000,-0.92242822,-1.19626063,20.46744143,20.44631609,0.10332101,0.656273 µm.
20.70000000,-0.93923649,-1.22513895,20.69775299,20.67604998,0.10496689,0.656273 µm.
20.70000000,-0.93923649,-1.22513895,20.69775299,20.67604998,0.10496689,0.656273 µm.
20.93000000,-0.95585060,-1.25422673,20.92806940,20.90578387,0.10659984,0.656273 µm.
20.93000000,-0.95585060,-1.25422673,20.92806940,20.90578387,0.10659984,0.656273 µm.
21.16000000,-0.97225753,-1.28352029,21.15839036,21.13551776,0.10821879,0.656273 µm.
21.16000000,-0.97225753,-1.28352029,21.15839036,21.13551776,0.10821879,0.656273 µm.
21.39000000,-0.98844410,-1.31301594,21.38871553,21.36525165,0.10982266,0.656273 µm.
21.39000000,-0.98844410,-1.31301594,21.38871553,21.36525165,0.10982266,0.656273 µm.
21.62000000,-1.00439695,-1.34270996,21.61904459,21.59498554,0.11141036,0.656273 µm.
21.62000000,-1.00439695,-1.34270996,21.61904459,21.59498554,0.11141036,0.656273 µm.
21.85000000,-1.02010257,-1.37259857,21.84937716,21.82471942,0.11298078,0.656273 µm.
21.85000000,-1.02010257,-1.37259857,21.84937716,21.82471942,0.11298078,0.656273 µm.
22.08000000,-1.03554725,-1.40267797,22.07971290,22.05445331,0.11453280,0.656273 µm.
22.08000000,-1.03554725,-1.40267797,22.07971290,22.05445331,0.11453280,0.656273 µm.
22.31000000,-1.05071711,-1.43294432,22.31005141,22.28418720,0.11606529,0.656273 µm.
22.31000000,-1.05071711,-1.43294432,22.31005141,22.28418720,0.11606529,0.656273 µm.
22.54000000,-1.06559810,-1.46339376,22.54039231,22.51392109,0.11757711,0.656273 µm.
22.54000000,-1.06559810,-1.46339376,22.54039231,22.51392109,0.11757711,0.656273 µm.
22.77000000,-1.08017597,-1.49402238,22.77073519,22.74365498,0.11906708,0.656273 µm.
22.77000000,-1.08017597,-1.49402238,22.77073519,22.74365498,0.11906708,0.656273 µm.
23.00000000,-1.09443632,-1.52482623,23.00107962,22.97338887,0.12053405,0.656273 µm.
23.00000000,-1.09443632,-1.52482623,23.00107962,22.97338887,0.12053405,0.656273 µm.
