Y Angle (deg),Tan Shift,Sag Shift,Real Height,Ref. Height,Distortion,Wavelength
0.00000000,0.03710335,0.03710335,0.00000000,0.00000000,0.00000000,0.486133 µm.
0.00000000,0.03710335,0.03710335,0.00000000,0.00000000,0.00000000,0.486133 µm.
0.87000000,0.03721239,0.03719729,0.15147033,0.15148897,-0.01230283,0.486133 µm.
0.87000000,0.03721239,0.03719729,0.15147033,0.15148897,-0.01230283,0.486133 µm.
1.74000000,0.03753709,0.03747881,0.30289873,0.30304783,-0.04920035,0.486133 µm.
1.74000000,0.03753709,0.03747881,0.30289873,0.30304783,-0.04920035,0.486133 µm.
2.61000000,0.03807292,0.03794705,0.45424337,0.45474658,-0.11065604,0.486133 µm.
2.61000000,0.03807292,0.03794705,0.45424337,0.45474658,-0.11065604,0.486133 µm.
3.48000000,0.03881242,0.03860058,0.60546274,0.60665549,-0.19661007,0.486133 µm.
3.48000000,0.03881242,0.03860058,0.60546274,0.60665549,-0.19661007,0.486133 µm.
4.35000000,0.03974530,0.03943741,0.75651573,0.75884523,-0.30697946,0.486133 µm.
4.35000000,0.03974530,0.03943741,0.75651573,0.75884523,-0.30697946,0.486133 µm.
5.22000000,0.04085860,0.04045503,0.90736175,0.91138698,-0.44165891,0.486133 µm.
5.22000000,0.04085860,0.04045503,0.90736175,0.91138698,-0.44165891,0.486133 µm.
6.09000000,0.04213689,0.04165040,1.05796089,1.06435256,-0.60052178,0.486133 µm.
6.09000000,0.04213689,0.04165040,1.05796089,1.06435256,-0.60052178,0.486133 µm.
6.96000000,0.04356251,0.04302005,1.20827400,1.21781462,-0.78342125,0.486133 µm.
6.96000000,0.04356251,0.04302005,1.20827400,1.21781462,-0.78342125,0.486133 µm.
7.83000000,0.04511582,0.04456001,1.35826279,1.37184670,-0.99019169,0.486133 µm.
7.83000000,0.04511582,0.04456001,1.35826279,1.37184670,-0.99019169,0.486133 µm.
8.70000000,0.04677548,0.04626597,1.50788994,1.52652345,-1.22065008,0.486133 µm.
8.70000000,0.04677548,0.04626597,1.50788994,1.52652345,-1.22065008,0.486133 µm.
9.57000000,0.04851875,0.04813322,1.65711916,1.68192073,-1.47459764,0.486133 µm.
9.57000000,0.04851875,0.04813322,1.65711916,1.68192073,-1.47459764,0.486133 µm.
10.44000000,0.05032183,0.05015673,1.80591525,1.83811576,-1.75182151,0.486133 µm.
10.44000000,0.05032183,0.05015673,1.80591525,1.83811576,-1.75182151,0.486133 µm.
11.31000000,0.05216013,0.05233122,1.95424415,1.99518731,-2.05209642,0.486133 µm.
11.31000000,0.05216013,0.05233122,1.95424415,1.99518731,-2.05209642,0.486133 µm.
12.18000000,0.05400861,0.05465117,2.10207298,2.15321587,-2.37518654,0.486133 µm.
12.18000000,0.05400861,0.05465117,2.10207298,2.15321587,-2.37518654,0.486133 µm.
13.05000000,0.05584209,0.05711089,2.24937006,2.31228377,-2.72084718,0.486133 µm.
13.05000000,0.05584209,0.05711089,2.24937006,2.31228377,-2.72084718,0.486133 µm.
13.92000000,0.05763556,0.05970452,2.39610492,2.47247540,-3.08882663,0.486133 µm.
13.92000000,0.05763556,0.05970452,2.39610492,2.47247540,-3.08882663,0.486133 µm.
14.79000000,0.05936443,0.06242616,2.54224829,2.63387741,-3.47886785,0.486133 µm.
14.79000000,0.05936443,0.06242616,2.54224829,2.63387741,-3.47886785,0.486133 µm.
15.66000000,0.06100483,0.06526983,2.68777208,2.79657886,-3.89071015,0.486133 µm.
15.66000000,0.06100483,0.06526983,2.68777208,2.79657886,-3.89071015,0.486133 µm.
16.53000000,0.06253386,0.06822953,2.83264935,2.96067148,-4.32409084,0.486133 µm.
16.53000000,0.06253386,0.06822953,2.83264935,2.96067148,-4.32409084,0.486133 µm.
17.40000000,0.06392979,0.07129934,2.97685430,3.12624986,-4.77874671,0.486133 µm.
17.40000000,0.06392979,0.07129934,2.97685430,3.12624986,-4.77874671,0.486133 µm.
18.27000000,0.06517229,0.07447335,3.12036217,3.29341171,-5.25441551,0.486133 µm.
18.27000000,0.06517229,0.07447335,3.12036217,3.29341171,-5.25441551,0.486133 µm.
19.14000000,0.06624259,0.07774580,3.26314924,3.46225807,-5.75083725,0.486133 µm.
19.14000000,0.06624259,0.07774580,3.26314924,3.46225807,-5.75083725,0.486133 µm.
20.01000000,0.06712365,0.08111104,3.40519273,3.63289362,-6.26775543,0.486133 µm.
20.01000000,0.06712365,0.08111104,3.40519273,3.63289362,-6.26775543,0.486133 µm.
20.88000000,0.06780030,0.08456358,3.54647073,3.80542692,-6.80491814,0.486133 µm.
20.88000000,0.06780030,0.08456358,3.54647073,3.80542692,-6.80491814,0.486133 µm.
21.75000000,0.06825933,0.08809811,3.68696214,3.97997073,-7.36207906,0.486133 µm.
21.75000000,0.06825933,0.08809811,3.68696214,3.97997073,-7.36207906,0.486133 µm.
22.62000000,0.06848958,0.09170954,3.82664660,4.15664236,-7.93899829,0.486133 µm.
22.62000000,0.06848958,0.09170954,3.82664660,4.15664236,-7.93899829,0.486133 µm.
23.49000000,0.06848203,0.09539300,3.96550435,4.33556395,-8.53544315,0.486133 µm.
23.49000000,0.06848203,0.09539300,3.96550435,4.33556395,-8.53544315,0.486133 µm.
24.36000000,0.06822983,0.09914386,4.10351624,4.51686289,-9.15118873,0.486133 µm.
24.36000000,0.06822983,0.09914386,4.10351624,4.51686289,-9.15118873,0.486133 µm.
25.23000000,0.06772834,0.10295771,4.24066354,4.70067219,-9.78601849,0.486133 µm.
25.23000000,0.06772834,0.10295771,4.24066354,4.70067219,-9.78601849,0.486133 µm.
26.10000000,0.06697514,0.10683045,4.37692794,4.88713095,-10.43972458,0.486133 µm.
26.10000000,0.06697514,0.10683045,4.37692794,4.88713095,-10.43972458,0.486133 µm.
26.97000000,0.06597004,0.11075820,4.51229138,5.07638475,-11.11210820,0.486133 µm.
26.97000000,0.06597004,0.11075820,4.51229138,5.07638475,-11.11210820,0.486133 µm.
27.84000000,0.06471507,0.11473738,4.64673604,5.26858620,-11.80297973,0.486133 µm.
27.84000000,0.06471507,0.11473738,4.64673604,5.26858620,-11.80297973,0.486133 µm.
28.71000000,0.06321441,0.11876467,4.78024420,5.46389548,-12.51215886,0.486133 µm.
28.71000000,0.06321441,0.11876467,4.78024420,5.46389548,-12.51215886,0.486133 µm.
29.58000000,0.06147445,0.12283700,4.91279818,5.66248090,-13.23947460,0.486133 µm.
29.58000000,0.06147445,0.12283700,4.91279818,5.66248090,-13.23947460,0.486133 µm.
30.45000000,0.05950363,0.12695160,5.04438024,5.86451952,-13.98476513,0.486133 µm.
30.45000000,0.05950363,0.12695160,5.04438024,5.86451952,-13.98476513,0.486133 µm.
31.32000000,0.05731249,0.13110592,5.17497252,6.07019789,-14.74787772,0.486133 µm.
31.32000000,0.05731249,0.13110592,5.17497252,6.07019789,-14.74787772,0.486133 µm.
32.19000000,0.05491351,0.13529768,5.30455696,6.27971272,-15.52866838,0.486133 µm.
32.19000000,0.05491351,0.13529768,5.30455696,6.27971272,-15.52866838,0.486133 µm.
33.06000000,0.05232112,0.13952483,5.43311519,6.49327178,-16.32700161,0.486133 µm.
33.06000000,0.05232112,0.13952483,5.43311519,6.49327178,-16.32700161,0.486133 µm.
33.93000000,0.04955157,0.14378556,5.56062852,6.71109471,-17.14274996,0.486133 µm.
33.93000000,0.04955157,0.14378556,5.56062852,6.71109471,-17.14274996,0.486133 µm.
34.80000000,0.04662285,0.14807826,5.68707785,6.93341405,-17.97579360,0.486133 µm.
34.80000000,0.04662285,0.14807826,5.68707785,6.93341405,-17.97579360,0.486133 µm.
35.67000000,0.04355462,0.15240150,5.81244358,7.16047626,-18.82601978,0.486133 µm.
35.67000000,0.04355462,0.15240150,5.81244358,7.16047626,-18.82601978,0.486133 µm.
36.54000000,0.04036805,0.15675406,5.93670561,7.39254290,-19.69332224,0.486133 µm.
36.54000000,0.04036805,0.15675406,5.93670561,7.39254290,-19.69332224,0.486133 µm.
37.41000000,0.03708579,0.16113485,6.05984325,7.62989194,-20.57760062,0.486133 µm.
37.41000000,0.03708579,0.16113485,6.05984325,7.62989194,-20.57760062,0.486133 µm.
38.28000000,0.03373174,0.16554293,6.18183521,7.87281911,-21.47875970,0.486133 µm.
38.28000000,0.03373174,0.16554293,6.18183521,7.87281911,-21.47875970,0.486133 µm.
39.15000000,0.03033104,0.16997747,6.30265954,8.12163948,-22.39670875,0.486133 µm.
39.15000000,0.03033104,0.16997747,6.30265954,8.12163948,-22.39670875,0.486133 µm.
40.02000000,0.02690984,0.17443772,6.42229361,8.37668918,-23.33136069,0.486133 µm.
40.02000000,0.02690984,0.17443772,6.42229361,8.37668918,-23.33136069,0.486133 µm.
40.89000000,0.02349518,0.17892300,6.54071411,8.63832727,-24.28263132,0.486133 µm.
40.89000000,0.02349518,0.17892300,6.54071411,8.63832727,-24.28263132,0.486133 µm.
41.76000000,0.02011484,0.18343266,6.65789700,8.90693786,-25.25043841,0.486133 µm.
41.76000000,0.02011484,0.18343266,6.65789700,8.90693786,-25.25043841,0.486133 µm.
42.63000000,0.01679719,0.18796606,6.77381755,9.18293240,-26.23470089,0.486133 µm.
42.63000000,0.01679719,0.18796606,6.77381755,9.18293240,-26.23470089,0.486133 µm.
43.50000000,0.01357097,0.19252254,6.88845033,9.46675231,-27.23533790,0.486133 µm.
43.50000000,0.01357097,0.19252254,6.88845033,9.46675231,-27.23533790,0.486133 µm.
44.37000000,0.01046514,0.19710138,7.00176921,9.75887181,-28.25226783,0.486133 µm.
44.37000000,0.01046514,0.19710138,7.00176921,9.75887181,-28.25226783,0.486133 µm.
45.24000000,0.00750867,0.20170176,7.11374741,10.05980117,-29.28540746,0.486133 µm.
45.24000000,0.00750867,0.20170176,7.11374741,10.05980117,-29.28540746,0.486133 µm.
46.11000000,0.00473033,0.20632277,7.22435753,10.37009030,-30.33467092,0.486133 µm.
46.11000000,0.00473033,0.20632277,7.22435753,10.37009030,-30.33467092,0.486133 µm.
46.98000000,0.00215854,0.21096332,7.33357160,10.69033275,-31.39996879,0.486133 µm.
46.98000000,0.00215854,0.21096332,7.33357160,10.69033275,-31.39996879,0.486133 µm.
47.85000000,-0.00017893,0.21562215,7.44136114,11.02117029,-32.48120714,0.486133 µm.
47.85000000,-0.00017893,0.21562215,7.44136114,11.02117029,-32.48120714,0.486133 µm.
48.72000000,-0.00225510,0.22029778,7.54769722,11.36329797,-33.57828658,0.486133 µm.
48.72000000,-0.00225510,0.22029778,7.54769722,11.36329797,-33.57828658,0.486133 µm.
49.59000000,-0.00404406,0.22498845,7.65255054,11.71746990,-34.69110138,0.486133 µm.
49.59000000,-0.00404406,0.22498845,7.65255054,11.71746990,-34.69110138,0.486133 µm.
50.46000000,-0.00552112,0.22969216,7.75589154,12.08450574,-35.81953860,0.486133 µm.
50.46000000,-0.00552112,0.22969216,7.75589154,12.08450574,-35.81953860,0.486133 µm.
51.33000000,-0.00666308,0.23440656,7.85769050,12.46529814,-36.96347722,0.486133 µm.
51.33000000,-0.00666308,0.23440656,7.85769050,12.46529814,-36.96347722,0.486133 µm.
52.20000000,-0.00744841,0.23912895,7.95791762,12.86082112,-38.12278743,0.486133 µm.
52.20000000,-0.00744841,0.23912895,7.95791762,12.86082112,-38.12278743,0.486133 µm.
53.07000000,-0.00785747,0.24385627,8.05654318,13.27213969,-39.29732986,0.486133 µm.
53.07000000,-0.00785747,0.24385627,8.05654318,13.27213969,-39.29732986,0.486133 µm.
53.94000000,-0.00787266,0.24858503,8.15353762,13.70042085,-40.48695502,0.486133 µm.
53.94000000,-0.00787266,0.24858503,8.15353762,13.70042085,-40.48695502,0.486133 µm.
54.81000000,-0.00747864,0.25331135,8.24887175,14.14694622,-41.69150272,0.486133 µm.
54.81000000,-0.00747864,0.25331135,8.24887175,14.14694622,-41.69150272,0.486133 µm.
55.68000000,-0.00666243,0.25803085,8.34251681,14.61312656,-42.91080163,0.486133 µm.
55.68000000,-0.00666243,0.25803085,8.34251681,14.61312656,-42.91080163,0.486133 µm.
56.55000000,-0.00541361,0.26273870,8.43444466,15.10051861,-44.14466895,0.486133 µm.
56.55000000,-0.00541361,0.26273870,8.43444466,15.10051861,-44.14466895,0.486133 µm.
57.42000000,-0.00372435,0.26742959,8.52462793,15.61084461,-45.39291022,0.486133 µm.
57.42000000,-0.00372435,0.26742959,8.52462793,15.61084461,-45.39291022,0.486133 µm.
58.29000000,-0.00158958,0.27209770,8.61304015,16.14601497,-46.65531920,0.486133 µm.
58.29000000,-0.00158958,0.27209770,8.61304015,16.14601497,-46.65531920,0.486133 µm.
59.16000000,0.00099304,0.27673669,8.69965590,16.70815488,-47.93167790,0.486133 µm.
59.16000000,0.00099304,0.27673669,8.69965590,16.70815488,-47.93167790,0.486133 µm.
60.03000000,0.00402305,0.28133974,8.78445098,17.29963550,-49.22175681,0.486133 µm.
60.03000000,0.00402305,0.28133974,8.78445098,17.29963550,-49.22175681,0.486133 µm.
60.90000000,0.00749718,0.28589947,8.86740253,17.92311069,-50.52531514,0.486133 µm.
60.90000000,0.00749718,0.28589947,8.86740253,17.92311069,-50.52531514,0.486133 µm.
61.77000000,0.01140945,0.29040804,8.94848916,18.58156067,-51.84210134,0.486133 µm.
61.77000000,0.01140945,0.29040804,8.94848916,18.58156067,-51.84210134,0.486133 µm.
62.64000000,0.01575118,0.29485708,9.02769108,19.27834386,-53.17185361,0.486133 µm.
62.64000000,0.01575118,0.29485708,9.02769108,19.27834386,-53.17185361,0.486133 µm.
63.51000000,0.02051113,0.29923774,9.10499025,20.01725903,-54.51430071,0.486133 µm.
63.51000000,0.02051113,0.29923774,9.10499025,20.01725903,-54.51430071,0.486133 µm.
64.38000000,0.02567562,0.30354071,9.18037042,20.80262009,-55.86916272,0.486133 µm.
64.38000000,0.02567562,0.30354071,9.18037042,20.80262009,-55.86916272,0.486133 µm.
65.25000000,0.03122869,0.30775622,9.25381729,21.63934663,-57.23615206,0.486133 µm.
65.25000000,0.03122869,0.30775622,9.25381729,21.63934663,-57.23615206,0.486133 µm.
66.12000000,0.03715227,0.31187410,9.32531852,22.53307427,-58.61497456,0.486133 µm.
66.12000000,0.03715227,0.31187410,9.32531852,22.53307427,-58.61497456,0.486133 µm.
66.99000000,0.04342641,0.31588375,9.39486384,23.49029004,-60.00533059,0.486133 µm.
66.99000000,0.04342641,0.31588375,9.39486384,23.49029004,-60.00533059,0.486133 µm.
67.86000000,0.05002948,0.31977424,9.46244509,24.51849969,-61.40691639,0.486133 µm.
67.86000000,0.05002948,0.31977424,9.46244509,24.51849969,-61.40691639,0.486133 µm.
68.73000000,0.05693840,0.32353429,9.52805620,25.62643605,-62.81942530,0.486133 µm.
68.73000000,0.05693840,0.32353429,9.52805620,25.62643605,-62.81942530,0.486133 µm.
69.60000000,0.06412893,0.32715234,9.59169327,26.82432067,-64.24254920,0.486133 µm.
69.60000000,0.06412893,0.32715234,9.59169327,26.82432067,-64.24254920,0.486133 µm.
70.47000000,0.07157586,0.33061657,9.65335450,28.12419547,-65.67597993,0.486133 µm.
70.47000000,0.07157586,0.33061657,9.65335450,28.12419547,-65.67597993,0.486133 µm.
71.34000000,0.07925328,0.33391493,9.71304020,29.54034706,-67.11941067,0.486133 µm.
71.34000000,0.07925328,0.33391493,9.71304020,29.54034706,-67.11941067,0.486133 µm.
72.21000000,0.08713486,0.33703519,9.77075277,31.08985570,-68.57253743,0.486133 µm.
72.21000000,0.08713486,0.33703519,9.77075277,31.08985570,-68.57253743,0.486133 µm.
73.08000000,0.09519405,0.33996498,9.82649657,32.79331349,-70.03506044,0.486133 µm.
73.08000000,0.09519405,0.33996498,9.82649657,32.79331349,-70.03506044,0.486133 µm.
73.95000000,0.10340429,0.34269184,9.88027793,34.67577617,-71.50668558,0.486133 µm.
73.95000000,0.10340429,0.34269184,9.88027793,34.67577617,-71.50668558,0.486133 µm.
74.82000000,0.11173929,0.34520321,9.93210505,36.76804234,-72.98712574,0.486133 µm.
74.82000000,0.11173929,0.34520321,9.93210505,36.76804234,-72.98712574,0.486133 µm.
75.69000000,0.12017315,0.34748649,9.98198785,39.10839909,-74.47610210,0.486133 µm.
75.69000000,0.12017315,0.34748649,9.98198785,39.10839909,-74.47610210,0.486133 µm.
76.56000000,0.12868060,0.34952911,10.02993796,41.74504581,-75.97334542,0.486133 µm.
76.56000000,0.12868060,0.34952911,10.02993796,41.74504581,-75.97334542,0.486133 µm.
77.43000000,0.13723712,0.35131847,10.07596853,44.73952450,-77.47859717,0.486133 µm.
77.43000000,0.13723712,0.35131847,10.07596853,44.73952450,-77.47859717,0.486133 µm.
78.30000000,0.14581905,0.35284207,10.12009416,48.17168041,-78.99161068,0.486133 µm.
78.30000000,0.14581905,0.35284207,10.12009416,48.17168041,-78.99161068,0.486133 µm.
79.17000000,0.15440378,0.35408744,10.16233075,52.14701388,-80.51215210,0.486133 µm.
79.17000000,0.15440378,0.35408744,10.16233075,52.14701388,-80.51215210,0.486133 µm.
80.04000000,0.16296977,0.35504224,10.20269538,56.80788506,-82.04000136,0.486133 µm.
80.04000000,0.16296977,0.35504224,10.20269538,56.80788506,-82.04000136,0.486133 µm.
80.91000000,0.17149663,0.35569420,10.24120621,62.35115316,-83.57495300,0.486133 µm.
80.91000000,0.17149663,0.35569420,10.24120621,62.35115316,-83.57495300,0.486133 µm.
81.78000000,0.17996520,0.35603120,10.27788232,69.05701716,-85.11681689,0.486133 µm.
81.78000000,0.17996520,0.35603120,10.27788232,69.05701716,-85.11681689,0.486133 µm.
82.65000000,0.18835754,0.35604124,10.31274357,77.33833943,-86.66541893,0.486133 µm.
82.65000000,0.18835754,0.35604124,10.31274357,77.33833943,-86.66541893,0.486133 µm.
83.52000000,0.19665694,0.35571247,10.34581052,87.82970212,-88.22060160,0.486133 µm.
83.52000000,0.19665694,0.35571247,10.34581052,87.82970212,-88.22060160,0.486133 µm.
84.39000000,0.20484795,0.35503318,10.37710429,101.55932897,-89.78222444,0.486133 µm.
84.39000000,0.20484795,0.35503318,10.37710429,101.55932897,-89.78222444,0.486133 µm.
85.26000000,0.21291631,0.35399180,10.40664642,120.31033870,-91.35016447,0.486133 µm.
85.26000000,0.21291631,0.35399180,10.40664642,120.31033870,-91.35016447,0.486133 µm.
86.13000000,0.22084894,0.35257691,10.43445877,147.46927035,-92.92431654,0.486133 µm.
86.13000000,0.22084894,0.35257691,10.43445877,147.46927035,-92.92431654,0.486133 µm.
87.00000000,0.22863390,0.35077722,10.46056341,190.35104277,-94.50459359,0.486133 µm.
87.00000000,0.22863390,0.35077722,10.46056341,190.35104277,-94.50459359,0.486133 µm.
0.00000000,0.11627351,0.11627351,0.00000000,0.00000000,0.00000000,0.587562 µm.
0.00000000,0.11627351,0.11627351,0.00000000,0.00000000,0.00000000,0.587562 µm.
0.87000000,0.11634274,0.11635410,0.15182924,0.15184802,-0.01236496,0.587562 µm.
0.87000000,0.11634274,0.11635410,0.15182924,0.15184802,-0.01236496,0.587562 µm.
1.74000000,0.11655124,0.11659561,0.30361602,0.30376608,-0.04939951,0.587562 µm.
1.74000000,0.11655124,0.11659561,0.30361602,0.30376608,-0.04939951,0.587562 µm.
2.61000000,0.11689445,0.11699717,0.45531803,0.45582437,-0.11108284,0.587562 µm.
2.61000000,0.11689445,0.11699717,0.45531803,0.45582437,-0.11108284,0.587562 µm.
3.48000000,0.11736488,0.11755738,0.60689323,0.60809333,-0.19735395,0.587562 µm.
3.48000000,0.11736488,0.11755738,0.60689323,0.60809333,-0.19735395,0.587562 µm.
4.35000000,0.11795217,0.11827430,0.75830001,0.76064377,-0.30812829,0.587562 µm.
4.35000000,0.11795217,0.11827430,0.75830001,0.76064377,-0.30812829,0.587562 µm.
5.22000000,0.11864330,0.11914545,0.90949731,0.91354706,-0.44329857,0.587562 µm.
5.22000000,0.11864330,0.11914545,0.90949731,0.91354706,-0.44329857,0.587562 µm.
6.09000000,0.11942278,0.12016789,1.06044475,1.06687519,-0.60273577,0.587562 µm.
6.09000000,0.11942278,0.12016789,1.06044475,1.06687519,-0.60273577,0.587562 µm.
6.96000000,0.12027287,0.12133817,1.21110271,1.22070096,-0.78629033,0.587562 µm.
6.96000000,0.12027287,0.12133817,1.21110271,1.22070096,-0.78629033,0.587562 µm.
7.83000000,0.12117388,0.12265245,1.36143248,1.37509812,-0.99379356,0.587562 µm.
7.83000000,0.12117388,0.12265245,1.36143248,1.37509812,-0.99379356,0.587562 µm.
8.70000000,0.12210440,0.12410649,1.51139633,1.53014147,-1.22505912,0.587562 µm.
8.70000000,0.12210440,0.12410649,1.51139633,1.53014147,-1.22505912,0.587562 µm.
9.57000000,0.12304168,0.12569569,1.66095757,1.68590705,-1.47988465,0.587562 µm.
9.57000000,0.12304168,0.12569569,1.66095757,1.68590705,-1.47988465,0.587562 µm.
10.44000000,0.12396189,0.12741515,1.81008063,1.84247228,-1.75805350,0.587562 µm.
10.44000000,0.12396189,0.12741515,1.81008063,1.84247228,-1.75805350,0.587562 µm.
11.31000000,0.12484046,0.12925972,1.95873111,1.99991611,-2.05933647,0.587562 µm.
11.31000000,0.12484046,0.12925972,1.95873111,1.99991611,-2.05933647,0.587562 µm.
12.18000000,0.12565241,0.13122401,2.10687581,2.15831921,-2.38349368,0.587562 µm.
12.18000000,0.12565241,0.13122401,2.10687581,2.15831921,-2.38349368,0.587562 µm.
13.05000000,0.12637265,0.13330250,2.25448275,2.31776412,-2.73027632,0.587562 µm.
13.05000000,0.12637265,0.13330250,2.25448275,2.31776412,-2.73027632,0.587562 µm.
13.92000000,0.12697628,0.13548952,2.40152119,2.47833542,-3.09942851,0.587562 µm.
13.92000000,0.12697628,0.13548952,2.40152119,2.47833542,-3.09942851,0.587562 µm.
14.79000000,0.12743892,0.13777932,2.54796159,2.64011996,-3.49068905,0.587562 µm.
14.79000000,0.12743892,0.13777932,2.54796159,2.64011996,-3.49068905,0.587562 µm.
15.66000000,0.12773692,0.14016613,2.69377563,2.80320703,-3.90379314,0.587562 µm.
15.66000000,0.12773692,0.14016613,2.69377563,2.80320703,-3.90379314,0.587562 µm.
16.53000000,0.12784766,0.14264418,2.83893617,2.96768857,-4.33847401,0.587562 µm.
16.53000000,0.12784766,0.14264418,2.83893617,2.96768857,-4.33847401,0.587562 µm.
17.40000000,0.12774976,0.14520774,2.98341720,3.13365939,-4.79446450,0.587562 µm.
17.40000000,0.12774976,0.14520774,2.98341720,3.13365939,-4.79446450,0.587562 µm.
18.27000000,0.12742328,0.14785117,3.12719380,3.30121743,-5.27149851,0.587562 µm.
18.27000000,0.12742328,0.14785117,3.12719380,3.30121743,-5.27149851,0.587562 µm.
19.14000000,0.12684992,0.15056894,3.27024207,3.47046397,-5.76931236,0.587562 µm.
19.14000000,0.12684992,0.15056894,3.27024207,3.47046397,-5.76931236,0.587562 µm.
20.01000000,0.12601316,0.15335566,3.41253907,3.64150394,-6.28764599,0.587562 µm.
20.01000000,0.12601316,0.15335566,3.41253907,3.64150394,-6.28764599,0.587562 µm.
20.88000000,0.12489838,0.15620614,3.55406276,3.81444616,-6.82624414,0.587562 µm.
20.88000000,0.12489838,0.15620614,3.55406276,3.81444616,-6.82624414,0.587562 µm.
21.75000000,0.12349303,0.15911536,3.69479190,3.98940367,-7.38485729,0.587562 µm.
21.75000000,0.12349303,0.15911536,3.69479190,3.98940367,-7.38485729,0.587562 µm.
22.62000000,0.12178664,0.16207854,3.83470600,4.16649403,-7.96324257,0.587562 µm.
22.62000000,0.12178664,0.16207854,3.83470600,4.16649403,-7.96324257,0.587562 µm.
23.49000000,0.11977096,0.16509111,3.97378520,4.34583968,-8.56116447,0.587562 µm.
23.49000000,0.11977096,0.16509111,3.97378520,4.34583968,-8.56116447,0.587562 µm.
24.36000000,0.11743994,0.16814879,4.11201019,4.52756831,-9.17839552,0.587562 µm.
24.36000000,0.11743994,0.16814879,4.11201019,4.52756831,-9.17839552,0.587562 µm.
25.23000000,0.11478983,0.17124754,4.24936214,4.71181327,-9.81471676,0.587562 µm.
25.23000000,0.11478983,0.17124754,4.24936214,4.71181327,-9.81471676,0.587562 µm.
26.10000000,0.11181914,0.17438361,4.38582261,4.89871395,-10.46991815,0.587562 µm.
26.10000000,0.11181914,0.17438361,4.38582261,4.89871395,-10.46991815,0.587562 µm.
26.97000000,0.10852869,0.17755351,4.52137342,5.08841629,-11.14379888,0.587562 µm.
26.97000000,0.10852869,0.17755351,4.52137342,5.08841629,-11.14379888,0.587562 µm.
27.84000000,0.10492154,0.18075406,4.65599661,5.28107329,-11.83616750,0.587562 µm.
27.84000000,0.10492154,0.18075406,4.65599661,5.28107329,-11.83616750,0.587562 µm.
28.71000000,0.10100303,0.18398235,4.78967432,5.47684547,-12.54684207,0.587562 µm.
28.71000000,0.10100303,0.18398235,4.78967432,5.47684547,-12.54684207,0.587562 µm.
29.58000000,0.09678070,0.18723578,4.92238873,5.67590156,-13.27565009,0.587562 µm.
29.58000000,0.09678070,0.18723578,4.92238873,5.67590156,-13.27565009,0.587562 µm.
30.45000000,0.09226424,0.19051199,5.05412193,5.87841903,-14.02242845,0.587562 µm.
30.45000000,0.09226424,0.19051199,5.05412193,5.87841903,-14.02242845,0.587562 µm.
31.32000000,0.08746548,0.19380893,5.18485590,6.08458487,-14.78702320,0.587562 µm.
31.32000000,0.08746548,0.19380893,5.18485590,6.08458487,-14.78702320,0.587562 µm.
32.19000000,0.08239829,0.19712482,5.31457237,6.29459628,-15.56928931,0.587562 µm.
32.19000000,0.08239829,0.19712482,5.31457237,6.29459628,-15.56928931,0.587562 µm.
33.06000000,0.07707851,0.20045811,5.44325281,6.50866149,-16.36909033,0.587562 µm.
33.06000000,0.07707851,0.20045811,5.44325281,6.50866149,-16.36909033,0.587562 µm.
33.93000000,0.07152390,0.20380753,5.57087831,6.72700069,-17.18629795,0.587562 µm.
33.93000000,0.07152390,0.20380753,5.57087831,6.72700069,-17.18629795,0.587562 µm.
34.80000000,0.06575401,0.20717202,5.69742951,6.94984694,-18.02079156,0.587562 µm.
34.80000000,0.06575401,0.20717202,5.69742951,6.94984694,-18.02079156,0.587562 µm.
35.67000000,0.05979011,0.21055076,5.82288661,7.17744731,-18.87245769,0.587562 µm.
35.67000000,0.05979011,0.21055076,5.82288661,7.17744731,-18.87245769,0.587562 µm.
36.54000000,0.05365511,0.21394310,5.94722922,7.41006398,-19.74118942,0.587562 µm.
36.54000000,0.05365511,0.21394310,5.94722922,7.41006398,-19.74118942,0.587562 µm.
37.41000000,0.04737337,0.21734860,6.07043639,7.64797556,-20.62688568,0.587562 µm.
37.41000000,0.04737337,0.21734860,6.07043639,7.64797556,-20.62688568,0.587562 µm.
38.28000000,0.04097069,0.22076697,6.19248653,7.89147849,-21.52945063,0.587562 µm.
38.28000000,0.04097069,0.22076697,6.19248653,7.89147849,-21.52945063,0.587562 µm.
39.15000000,0.03447407,0.22419806,6.31335738,8.14088859,-22.44879283,0.587562 µm.
39.15000000,0.03447407,0.22419806,6.31335738,8.14088859,-22.44879283,0.587562 µm.
40.02000000,0.02791165,0.22764183,6.43302599,8.39654278,-23.38482444,0.587562 µm.
40.02000000,0.02791165,0.22764183,6.43302599,8.39654278,-23.38482444,0.587562 µm.
40.89000000,0.02131253,0.23109833,6.55146872,8.65880098,-24.33746045,0.587562 µm.
40.89000000,0.02131253,0.23109833,6.55146872,8.65880098,-24.33746045,0.587562 µm.
41.76000000,0.01470662,0.23456768,6.66866118,8.92804821,-25.30661773,0.587562 µm.
41.76000000,0.01470662,0.23456768,6.66866118,8.92804821,-25.30661773,0.587562 µm.
42.63000000,0.00812446,0.23805002,6.78457827,9.20469689,-26.29221416,0.587562 µm.
42.63000000,0.00812446,0.23805002,6.78457827,9.20469689,-26.29221416,0.587562 µm.
43.50000000,0.00159706,0.24154551,6.89919419,9.48918948,-27.29416769,0.587562 µm.
43.50000000,0.00159706,0.24154551,6.89919419,9.48918948,-27.29416769,0.587562 µm.
44.37000000,-0.00484431,0.24505426,7.01248244,9.78200133,-28.31239539,0.587562 µm.
44.37000000,-0.00484431,0.24505426,7.01248244,9.78200133,-28.31239539,0.587562 µm.
45.24000000,-0.01116827,0.24857636,7.12441585,10.08364393,-29.34681245,0.587562 µm.
45.24000000,-0.01116827,0.24857636,7.12441585,10.08364393,-29.34681245,0.587562 µm.
46.11000000,-0.01734359,0.25211175,7.23496666,10.39466847,-30.39733125,0.587562 µm.
46.11000000,-0.01734359,0.25211175,7.23496666,10.39466847,-30.39733125,0.587562 µm.
46.98000000,-0.02333938,0.25566030,7.34410650,10.71566993,-31.46386036,0.587562 µm.
46.98000000,-0.02333938,0.25566030,7.34410650,10.71566993,-31.46386036,0.587562 µm.
47.85000000,-0.02912526,0.25922168,7.45180653,11.04729159,-32.54630358,0.587562 µm.
47.85000000,-0.02912526,0.25922168,7.45180653,11.04729159,-32.54630358,0.587562 µm.
48.72000000,-0.03467166,0.26279539,7.55803745,11.39023015,-33.64455895,0.587562 µm.
48.72000000,-0.03467166,0.26279539,7.55803745,11.39023015,-33.64455895,0.587562 µm.
49.59000000,-0.03994998,0.26638068,7.66276963,11.74524150,-34.75851790,0.587562 µm.
49.59000000,-0.03994998,0.26638068,7.66276963,11.74524150,-34.75851790,0.587562 µm.
50.46000000,-0.04493284,0.26997654,7.76597318,12.11314725,-35.88806429,0.587562 µm.
50.46000000,-0.04493284,0.26997654,7.76597318,12.11314725,-35.88806429,0.587562 µm.
51.33000000,-0.04959429,0.27358168,7.86761807,12.49484216,-37.03307363,0.587562 µm.
51.33000000,-0.04959429,0.27358168,7.86761807,12.49484216,-37.03307363,0.587562 µm.
52.20000000,-0.05391002,0.27719446,7.96767424,12.89130257,-38.19341223,0.587562 µm.
52.20000000,-0.05391002,0.27719446,7.96767424,12.89130257,-38.19341223,0.587562 µm.
53.07000000,-0.05785756,0.28081288,8.06611173,13.30359601,-39.36893659,0.587562 µm.
53.07000000,-0.05785756,0.28081288,8.06611173,13.30359601,-39.36893659,0.587562 µm.
53.94000000,-0.06141649,0.28443455,8.16290082,13.73289224,-40.55949267,0.587562 µm.
53.94000000,-0.06141649,0.28443455,8.16290082,13.73289224,-40.55949267,0.587562 µm.
54.81000000,-0.06456860,0.28805666,8.25801214,14.18047592,-41.76491543,0.587562 µm.
54.81000000,-0.06456860,0.28805666,8.25801214,14.18047592,-41.76491543,0.587562 µm.
55.68000000,-0.06729805,0.29167595,8.35141687,14.64776115,-42.98502837,0.587562 µm.
55.68000000,-0.06729805,0.29167595,8.35141687,14.64776115,-42.98502837,0.587562 µm.
56.55000000,-0.06959152,0.29528870,8.44308682,15.13630838,-44.21964321,0.587562 µm.
56.55000000,-0.06959152,0.29528870,8.44308682,15.13630838,-44.21964321,0.587562 µm.
57.42000000,-0.07143830,0.29889070,8.53299465,15.64784390,-45.46855970,0.587562 µm.
57.42000000,-0.07143830,0.29889070,8.53299465,15.64784390,-45.46855970,0.587562 µm.
58.29000000,-0.07283038,0.30247724,8.62111400,16.18428267,-46.73156556,0.587562 µm.
58.29000000,-0.07283038,0.30247724,8.62111400,16.18428267,-46.73156556,0.587562 µm.
59.16000000,-0.07376253,0.30604309,8.70741962,16.74775491,-48.00843655,0.587562 µm.
59.16000000,-0.07376253,0.30604309,8.70741962,16.74775491,-48.00843655,0.587562 µm.
60.03000000,-0.07423230,0.30958251,8.79188754,17.34063739,-49.29893669,0.587562 µm.
60.03000000,-0.07423230,0.30958251,8.79188754,17.34063739,-49.29893669,0.587562 µm.
60.90000000,-0.07424003,0.31308923,8.87449522,17.96559029,-50.60281860,0.587562 µm.
60.90000000,-0.07424003,0.31308923,8.87449522,17.96559029,-50.60281860,0.587562 µm.
61.77000000,-0.07378878,0.31655645,8.95522168,18.62560086,-51.91982399,0.587562 µm.
61.77000000,-0.07378878,0.31655645,8.95522168,18.62560086,-51.91982399,0.587562 µm.
62.64000000,-0.07288432,0.31997687,9.03404760,19.32403549,-53.24968432,0.587562 µm.
62.64000000,-0.07288432,0.31997687,9.03404760,19.32403549,-53.24968432,0.587562 µm.
63.51000000,-0.07153495,0.32334267,9.11095548,20.06470197,-54.59212158,0.587562 µm.
63.51000000,-0.07153495,0.32334267,9.11095548,20.06470197,-54.59212158,0.587562 µm.
64.38000000,-0.06975146,0.32664555,9.18592972,20.85192442,-55.94684914,0.587562 µm.
64.38000000,-0.06975146,0.32664555,9.18592972,20.85192442,-55.94684914,0.587562 µm.
65.25000000,-0.06754687,0.32987673,9.25895671,21.69063408,-57.31357286,0.587562 µm.
65.25000000,-0.06754687,0.32987673,9.25895671,21.69063408,-57.31357286,0.587562 µm.
66.12000000,-0.06493634,0.33302698,9.33002492,22.58647994,-58.69199212,0.587562 µm.
66.12000000,-0.06493634,0.33302698,9.33002492,22.58647994,-58.69199212,0.587562 µm.
66.99000000,-0.06193692,0.33608664,9.39912490,23.54596441,-60.08180112,0.587562 µm.
66.99000000,-0.06193692,0.33608664,9.39912490,23.54596441,-60.08180112,0.587562 µm.
67.86000000,-0.05856732,0.33904566,9.46624941,24.57661103,-61.48269019,0.587562 µm.
67.86000000,-0.05856732,0.33904566,9.46624941,24.57661103,-61.48269019,0.587562 µm.
68.73000000,-0.05484771,0.34189364,9.53139337,25.68717331,-62.89434711,0.587562 µm.
68.73000000,-0.05484771,0.34189364,9.53139337,25.68717331,-62.89434711,0.587562 µm.
69.60000000,-0.05079946,0.34461982,9.59455387,26.88789704,-64.31645859,0.587562 µm.
69.60000000,-0.05079946,0.34461982,9.59455387,26.88789704,-64.31645859,0.587562 µm.
70.47000000,-0.04644491,0.34721318,9.65573021,28.19085267,-65.74871173,0.587562 µm.
70.47000000,-0.04644491,0.34721318,9.65573021,28.19085267,-65.74871173,0.587562 µm.
71.34000000,-0.04180710,0.34966241,9.71492381,29.61036069,-67.19079544,0.587562 µm.
71.34000000,-0.04180710,0.34966241,9.71492381,29.61036069,-67.19079544,0.587562 µm.
72.21000000,-0.03690954,0.35195600,9.77213817,31.16354182,-68.64240198,0.587562 µm.
72.21000000,-0.03690954,0.35195600,9.77213817,31.16354182,-68.64240198,0.587562 µm.
73.08000000,-0.03177598,0.35408226,9.82737886,32.87103697,-70.10322836,0.587562 µm.
73.08000000,-0.03177598,0.35408226,9.82737886,32.87103697,-70.10322836,0.587562 µm.
73.95000000,-0.02643021,0.35602933,9.88065337,34.75796129,-71.57297782,0.587562 µm.
73.95000000,-0.02643021,0.35602933,9.88065337,34.75796129,-71.57297782,0.587562 µm.
74.82000000,-0.02089582,0.35778526,9.93197106,36.85518634,-73.05136115,0.587562 µm.
74.82000000,-0.02089582,0.35778526,9.93197106,36.85518634,-73.05136115,0.587562 µm.
75.69000000,-0.01519603,0.35933801,9.98134309,39.20108997,-74.53809806,0.587562 µm.
75.69000000,-0.01519603,0.35933801,9.98134309,39.20108997,-74.53809806,0.587562 µm.
76.56000000,-0.00935351,0.36067550,10.02878222,41.84398582,-76.03291840,0.587562 µm.
76.56000000,-0.00935351,0.36067550,10.02878222,41.84398582,-76.03291840,0.587562 µm.
77.43000000,-0.00339025,0.36178563,10.07430280,44.84556172,-77.53556335,0.587562 µm.
77.43000000,-0.00339025,0.36178563,10.07430280,44.84556172,-77.53556335,0.587562 µm.
78.30000000,0.00267256,0.36265631,10.11792056,48.28585219,-79.04578650,0.587562 µm.
78.30000000,0.00267256,0.36265631,10.11792056,48.28585219,-79.04578650,0.587562 µm.
79.17000000,0.00881467,0.36327549,10.15965253,52.27060761,-80.56335483,0.587562 µm.
79.17000000,0.00881467,0.36327549,10.15965253,52.27060761,-80.56335483,0.587562 µm.
80.04000000,0.01501683,0.36363116,10.19951688,56.94252553,-82.08804968,0.587562 µm.
80.04000000,0.01501683,0.36363116,10.19951688,56.94252553,-82.08804968,0.587562 µm.
80.91000000,0.02126082,0.36371140,10.23753283,62.49893173,-83.61966750,0.587562 µm.
80.91000000,0.02126082,0.36371140,10.23753283,62.49893173,-83.61966750,0.587562 µm.
81.78000000,0.02752956,0.36350437,10.27372047,69.22068932,-85.15802058,0.587562 µm.
81.78000000,0.02752956,0.36350437,10.27372047,69.22068932,-85.15802058,0.587562 µm.
82.65000000,0.03380707,0.36299833,10.30810065,77.52163916,-86.70293771,0.587562 µm.
82.65000000,0.03380707,0.36299833,10.30810065,77.52163916,-86.70293771,0.587562 µm.
83.52000000,0.04007848,0.36218164,10.34069486,88.03786745,-88.25426472,0.587562 µm.
83.52000000,0.04007848,0.36218164,10.34069486,88.03786745,-88.25426472,0.587562 µm.
84.39000000,0.04633006,0.36104279,10.37152510,101.80003492,-89.81186489,0.587562 µm.
84.39000000,0.04633006,0.36104279,10.37152510,101.80003492,-89.81186489,0.587562 µm.
85.26000000,0.05254915,0.35957036,10.40061376,120.59548645,-91.37561938,0.587562 µm.
85.26000000,0.05254915,0.35957036,10.40061376,120.59548645,-91.37561938,0.587562 µm.
86.13000000,0.05872413,0.35775307,10.42798349,147.81878752,-92.94542753,0.587562 µm.
86.13000000,0.05872413,0.35775307,10.42798349,147.81878752,-92.94542753,0.587562 µm.
87.00000000,0.06484439,0.35557972,10.45365713,190.80219411,-94.52120707,0.587562 µm.
87.00000000,0.06484439,0.35557972,10.45365713,190.80219411,-94.52120707,0.587562 µm.
0.00000000,0.18038124,0.18038124,0.00000000,0.00000000,0.00000000,0.656273 µm.
0.00000000,0.18038124,0.18038124,0.00000000,0.00000000,0.00000000,0.656273 µm.
0.87000000,0.18043576,0.18045701,0.15215637,0.15217520,-0.01236834,0.656273 µm.
0.87000000,0.18043576,0.18045701,0.15215637,0.15217520,-0.01236834,0.656273 µm.
1.74000000,0.18060139,0.18068406,0.30427003,0.30442059,-0.04945864,0.656273 µm.
1.74000000,0.18060139,0.18068406,0.30427003,0.30442059,-0.04945864,0.656273 µm.
2.61000000,0.18087354,0.18106152,0.45629839,0.45680651,-0.11123455,0.656273 µm.
2.61000000,0.18087354,0.18106152,0.45629839,0.45680651,-0.11123455,0.656273 µm.
3.48000000,0.18124468,0.18158801,0.60819916,0.60940355,-0.19763457,0.656273 µm.
3.48000000,0.18124468,0.18158801,0.60819916,0.60940355,-0.19763457,0.656273 µm.
4.35000000,0.18170440,0.18226159,0.75993049,0.76228269,-0.30857349,0.656273 µm.
4.35000000,0.18170440,0.18226159,0.75993049,0.76228269,-0.30857349,0.656273 µm.
5.22000000,0.18223960,0.18307979,0.91145106,0.91551543,-0.44394316,0.656273 µm.
5.22000000,0.18223960,0.18307979,0.91145106,0.91551543,-0.44394316,0.656273 µm.
6.09000000,0.18283473,0.18403968,1.06272025,1.06917393,-0.60361352,0.656273 µm.
6.09000000,0.18283473,0.18403968,1.06272025,1.06917393,-0.60361352,0.656273 µm.
6.96000000,0.18347196,0.18513784,1.21369822,1.22333115,-0.78743387,0.656273 µm.
6.96000000,0.18347196,0.18513784,1.21369822,1.22333115,-0.78743387,0.656273 µm.
7.83000000,0.18413151,0.18637044,1.36434604,1.37806098,-0.99523420,0.656273 µm.
7.83000000,0.18413151,0.18637044,1.36434604,1.37806098,-0.99523420,0.656273 µm.
8.70000000,0.18479189,0.18773326,1.51462576,1.53343839,-1.22682674,0.656273 µm.
8.70000000,0.18479189,0.18773326,1.51462576,1.53343839,-1.22682674,0.656273 µm.
9.57000000,0.18543027,0.18922173,1.66450049,1.68953959,-1.48200760,0.656273 µm.
9.57000000,0.18543027,0.18922173,1.66450049,1.68953959,-1.48200760,0.656273 µm.
10.44000000,0.18602272,0.19083100,1.81393447,1.84644216,-1.76055852,0.656273 µm.
10.44000000,0.18602272,0.19083100,1.81393447,1.84644216,-1.76055852,0.656273 µm.
11.31000000,0.18654462,0.19255593,1.96289313,2.00422523,-2.06224863,0.656273 µm.
11.31000000,0.18654462,0.19255593,1.96289313,2.00422523,-2.06224863,0.656273 µm.
12.18000000,0.18697094,0.19439119,2.11134309,2.16296964,-2.38683632,0.656273 µm.
12.18000000,0.18697094,0.19439119,2.11134309,2.16296964,-2.38683632,0.656273 µm.
13.05000000,0.18727653,0.19633129,2.25925223,2.32275809,-2.73407105,0.656273 µm.
13.05000000,0.18727653,0.19633129,2.25925223,2.32275809,-2.73407105,0.656273 µm.
13.92000000,0.18743649,0.19837061,2.40658966,2.48367537,-3.10369516,0.656273 µm.
13.92000000,0.18743649,0.19837061,2.40658966,2.48367537,-3.10369516,0.656273 µm.
14.79000000,0.18742643,0.20050347,2.55332570,2.64580850,-3.49544571,0.656273 µm.
14.79000000,0.18742643,0.20050347,2.55332570,2.64580850,-3.49544571,0.656273 µm.
15.66000000,0.18722273,0.20272414,2.69943193,2.80924697,-3.90905615,0.656273 µm.
15.66000000,0.18722273,0.20272414,2.69943193,2.80924697,-3.90905615,0.656273 µm.
16.53000000,0.18680281,0.20502692,2.84488107,2.97408290,-4.34425803,0.656273 µm.
16.53000000,0.18680281,0.20502692,2.84488107,2.97408290,-4.34425803,0.656273 µm.
17.40000000,0.18614538,0.20740616,2.98964702,3.14041133,-4.80078253,0.656273 µm.
17.40000000,0.18614538,0.20740616,2.98964702,3.14041133,-4.80078253,0.656273 µm.
18.27000000,0.18523059,0.20985629,3.13370475,3.30833040,-5.27836195,0.656273 µm.
18.27000000,0.18523059,0.20985629,3.13370475,3.30833040,-5.27836195,0.656273 µm.
19.14000000,0.18404028,0.21237186,3.27703028,3.47794161,-5.77673108,0.656273 µm.
19.14000000,0.18404028,0.21237186,3.27703028,3.47794161,-5.77673108,0.656273 µm.
20.01000000,0.18255809,0.21494758,3.41960059,3.64935012,-6.29562841,0.656273 µm.
20.01000000,0.18255809,0.21494758,3.41960059,3.64935012,-6.29562841,0.656273 µm.
20.88000000,0.18076960,0.21757833,3.56139356,3.82266497,-6.83479731,0.656273 µm.
20.88000000,0.18076960,0.21757833,3.56139356,3.82266497,-6.83479731,0.656273 µm.
21.75000000,0.17866248,0.22025921,3.70238789,3.99799944,-7.39398696,0.656273 µm.
21.75000000,0.17866248,0.22025921,3.70238789,3.99799944,-7.39398696,0.656273 µm.
22.62000000,0.17622651,0.22298554,3.84256299,4.17547137,-7.97295328,0.656273 µm.
22.62000000,0.17622651,0.22298554,3.84256299,4.17547137,-7.97295328,0.656273 µm.
23.49000000,0.17345372,0.22575287,3.98189894,4.35520345,-8.57145967,0.656273 µm.
23.49000000,0.17345372,0.22575287,3.98189894,4.35520345,-8.57145967,0.656273 µm.
24.36000000,0.17033840,0.22855703,4.12037638,4.53732364,-9.18927763,0.656273 µm.
24.36000000,0.17033840,0.22855703,4.12037638,4.53732364,-9.18927763,0.656273 µm.
25.23000000,0.16687712,0.23139412,4.25797640,4.72196558,-9.82618727,0.656273 µm.
25.23000000,0.16687712,0.23139412,4.25797640,4.72196558,-9.82618727,0.656273 µm.
26.10000000,0.16306880,0.23426051,4.39468049,4.90926897,-10.48197771,0.656273 µm.
26.10000000,0.16306880,0.23426051,4.39468049,4.90926897,-10.48197771,0.656273 µm.
26.97000000,0.15891463,0.23715287,4.53047040,5.09938006,-11.15644739,0.656273 µm.
26.97000000,0.15891463,0.23715287,4.53047040,5.09938006,-11.15644739,0.656273 µm.
27.84000000,0.15441814,0.24006815,4.66532811,5.29245216,-11.84940420,0.656273 µm.
27.84000000,0.15441814,0.24006815,4.66532811,5.29245216,-11.84940420,0.656273 µm.
28.71000000,0.14958513,0.24300362,4.79923568,5.48864617,-12.56066560,0.656273 µm.
28.71000000,0.14958513,0.24300362,4.79923568,5.48864617,-12.56066560,0.656273 µm.
29.58000000,0.14442363,0.24595681,4.93217518,5.68813115,-13.29005859,0.656273 µm.
29.58000000,0.14442363,0.24595681,4.93217518,5.68813115,-13.29005859,0.656273 µm.
30.45000000,0.13894387,0.24892556,5.06412866,5.89108498,-14.03741961,0.656273 µm.
30.45000000,0.13894387,0.24892556,5.06412866,5.89108498,-14.03741961,0.656273 µm.
31.32000000,0.13315825,0.25190800,5.19507797,6.09769503,-14.80259433,0.656273 µm.
31.32000000,0.13315825,0.25190800,5.19507797,6.09769503,-14.80259433,0.656273 µm.
32.19000000,0.12708123,0.25490253,5.32500478,6.30815894,-15.58543742,0.656273 µm.
32.19000000,0.12708123,0.25490253,5.32500478,6.30815894,-15.58543742,0.656273 µm.
33.06000000,0.12072926,0.25790781,5.45389041,6.52268539,-16.38581214,0.656273 µm.
33.06000000,0.12072926,0.25790781,5.45389041,6.52268539,-16.38581214,0.656273 µm.
33.93000000,0.11412076,0.26092277,5.58171586,6.74149503,-17.20358998,0.656273 µm.
33.93000000,0.11412076,0.26092277,5.58171586,6.74149503,-17.20358998,0.656273 µm.
34.80000000,0.10727597,0.26394657,5.70846167,6.96482144,-18.03865013,0.656273 µm.
34.80000000,0.10727597,0.26394657,5.70846167,6.96482144,-18.03865013,0.656273 µm.
35.67000000,0.10021687,0.26697861,5.83410787,7.19291221,-18.89087896,0.656273 µm.
35.67000000,0.10021687,0.26697861,5.83410787,7.19291221,-18.89087896,0.656273 µm.
36.54000000,0.09296712,0.27001849,5.95863396,7.42603009,-19.76016940,0.656273 µm.
36.54000000,0.09296712,0.27001849,5.95863396,7.42603009,-19.76016940,0.656273 µm.
37.41000000,0.08555186,0.27306600,6.08201884,7.66445429,-20.64642028,0.656273 µm.
37.41000000,0.08555186,0.27306600,6.08201884,7.66445429,-20.64642028,0.656273 µm.
38.28000000,0.07799767,0.27612113,6.20424076,7.90848188,-21.54953558,0.656273 µm.
38.28000000,0.07799767,0.27612113,6.20424076,7.90848188,-21.54953558,0.656273 µm.
39.15000000,0.07033243,0.27918397,6.32527730,8.15842937,-22.46942375,0.656273 µm.
39.15000000,0.07033243,0.27918397,6.32527730,8.15842937,-22.46942375,0.656273 µm.
40.02000000,0.06258512,0.28225477,6.44510535,8.41463441,-23.40599678,0.656273 µm.
40.02000000,0.06258512,0.28225477,6.44510535,8.41463441,-23.40599678,0.656273 µm.
40.89000000,0.05478574,0.28533388,6.56370106,8.67745768,-24.35916946,0.656273 µm.
40.89000000,0.05478574,0.28533388,6.56370106,8.67745768,-24.35916946,0.656273 µm.
41.76000000,0.04696512,0.28842170,6.68103988,8.94728504,-25.32885843,0.656273 µm.
41.76000000,0.04696512,0.28842170,6.68103988,8.94728504,-25.32885843,0.656273 µm.
42.63000000,0.03915475,0.29151869,6.79709651,9.22452980,-26.31498127,0.656273 µm.
42.63000000,0.03915475,0.29151869,6.79709651,9.22452980,-26.31498127,0.656273 µm.
43.50000000,0.03138661,0.29462533,6.91184496,9.50963537,-27.31745557,0.656273 µm.
43.50000000,0.03138661,0.29462533,6.91184496,9.50963537,-27.31745557,0.656273 µm.
44.37000000,0.02369297,0.29774206,7.02525851,9.80307813,-28.33619797,0.656273 µm.
44.37000000,0.02369297,0.29774206,7.02525851,9.80307813,-28.33619797,0.656273 µm.
45.24000000,0.01610623,0.30086929,7.13730980,10.10537066,-29.37112316,0.656273 µm.
45.24000000,0.01610623,0.30086929,7.13730980,10.10537066,-29.37112316,0.656273 µm.
46.11000000,0.00865865,0.30400735,7.24797085,10.41706535,-30.42214288,0.656273 µm.
46.11000000,0.00865865,0.30400735,7.24797085,10.41706535,-30.42214288,0.656273 µm.
46.98000000,0.00138220,0.30715643,7.35721309,10.73875846,-31.48916499,0.656273 µm.
46.98000000,0.00138220,0.30715643,7.35721309,10.73875846,-31.48916499,0.656273 µm.
47.85000000,-0.00569171,0.31031659,7.46500747,11.07109465,-32.57209242,0.656273 µm.
47.85000000,-0.00569171,0.31031659,7.46500747,11.07109465,-32.57209242,0.656273 µm.
48.72000000,-0.01253239,0.31348770,7.57132449,11.41477212,-33.67082227,0.656273 µm.
48.72000000,-0.01253239,0.31348770,7.57132449,11.41477212,-33.67082227,0.656273 µm.
49.59000000,-0.01911017,0.31666939,7.67613432,11.77054840,-34.78524483,0.656273 µm.
49.59000000,-0.01911017,0.31666939,7.67613432,11.77054840,-34.78524483,0.656273 µm.
50.46000000,-0.02539656,0.31986105,7.77940688,12.13924686,-35.91524274,0.656273 µm.
50.46000000,-0.02539656,0.31986105,7.77940688,12.13924686,-35.91524274,0.656273 µm.
51.33000000,-0.03136450,0.32306178,7.88111197,12.52176419,-37.06069007,0.656273 µm.
51.33000000,-0.03136450,0.32306178,7.88111197,12.52176419,-37.06069007,0.656273 µm.
52.20000000,-0.03698858,0.32627033,7.98121937,12.91907884,-38.22145163,0.656273 µm.
52.20000000,-0.03698858,0.32627033,7.98121937,12.91907884,-38.22145163,0.656273 µm.
53.07000000,-0.04224523,0.32948511,8.07969895,13.33226062,-39.39738217,0.656273 µm.
53.07000000,-0.04224523,0.32948511,8.07969895,13.33226062,-39.39738217,0.656273 µm.
53.94000000,-0.04711293,0.33270415,8.17652087,13.76248184,-40.58832580,0.656273 µm.
53.94000000,-0.04711293,0.33270415,8.17652087,13.76248184,-40.58832580,0.656273 µm.
54.81000000,-0.05157237,0.33592504,8.27165565,14.21102990,-41.79411548,0.656273 µm.
54.81000000,-0.05157237,0.33592504,8.27165565,14.21102990,-41.79411548,0.656273 µm.
55.68000000,-0.05560663,0.33914492,8.36507438,14.67932197,-43.01457252,0.656273 µm.
55.68000000,-0.05560663,0.33914492,8.36507438,14.67932197,-43.01457252,0.656273 µm.
56.55000000,-0.05920129,0.34236050,8.45674881,15.16892185,-44.24950634,0.656273 µm.
56.55000000,-0.05920129,0.34236050,8.45674881,15.16892185,-44.24950634,0.656273 µm.
57.42000000,-0.06234458,0.34556796,8.54665158,15.68155955,-45.49871426,0.656273 µm.
57.42000000,-0.06234458,0.34556796,8.54665158,15.68155955,-45.49871426,0.656273 µm.
58.29000000,-0.06502745,0.34876300,8.63475630,16.21915415,-46.76198143,0.656273 µm.
58.29000000,-0.06502745,0.34876300,8.63475630,16.21915415,-46.76198143,0.656273 µm.
59.16000000,-0.06724362,0.35194079,8.72103777,16.78384048,-48.03908094,0.656273 µm.
59.16000000,-0.06724362,0.35194079,8.72103777,16.78384048,-48.03908094,0.656273 µm.
60.03000000,-0.06898960,0.35509598,8.80547208,17.37800042,-49.32977404,0.656273 µm.
60.03000000,-0.06898960,0.35509598,8.80547208,17.37800042,-49.32977404,0.656273 µm.
60.90000000,-0.07026471,0.35822269,8.88803679,18.00429987,-50.63381052,0.656273 µm.
60.90000000,-0.07026471,0.35822269,8.88803679,18.00429987,-50.63381052,0.656273 µm.
61.77000000,-0.07107102,0.36131449,8.96871104,18.66573254,-51.95092920,0.656273 µm.
61.77000000,-0.07107102,0.36131449,8.96871104,18.66573254,-51.95092920,0.656273 µm.
62.64000000,-0.07141328,0.36436446,9.04747570,19.36567206,-53.28085864,0.656273 µm.
62.64000000,-0.07141328,0.36436446,9.04747570,19.36567206,-53.28085864,0.656273 µm.
63.51000000,-0.07129884,0.36736513,9.12431348,20.10793441,-54.62331788,0.656273 µm.
63.51000000,-0.07129884,0.36736513,9.12431348,20.10793441,-54.62331788,0.656273 µm.
64.38000000,-0.07073749,0.37030855,9.19920901,20.89685305,-55.97801742,0.656273 µm.
64.38000000,-0.07073749,0.37030855,9.19920901,20.89685305,-55.97801742,0.656273 µm.
65.25000000,-0.06974131,0.37318627,9.27214897,21.73736984,-57.34466021,0.656273 µm.
65.25000000,-0.06974131,0.37318627,9.27214897,21.73736984,-57.34466021,0.656273 µm.
66.12000000,-0.06832448,0.37598938,9.34312212,22.63514594,-58.72294288,0.656273 µm.
66.12000000,-0.06832448,0.37598938,9.34312212,22.63514594,-58.72294288,0.656273 µm.
66.99000000,-0.06650311,0.37870855,9.41211939,23.59669776,-60.11255692,0.656273 µm.
66.99000000,-0.06650311,0.37870855,9.41211939,23.59669776,-60.11255692,0.656273 µm.
67.86000000,-0.06429497,0.38133402,9.47913389,24.62956506,-61.51319007,0.656273 µm.
67.86000000,-0.06429497,0.38133402,9.47913389,24.62956506,-61.51319007,0.656273 µm.
68.73000000,-0.06171930,0.38385564,9.54416096,25.74252022,-62.92452769,0.656273 µm.
68.73000000,-0.06171930,0.38385564,9.54416096,25.74252022,-62.92452769,0.656273 µm.
69.60000000,-0.05879654,0.38626296,9.60719812,26.94583109,-64.34625421,0.656273 µm.
69.60000000,-0.05879654,0.38626296,9.60719812,26.94583109,-64.34625421,0.656273 µm.
70.47000000,-0.05554808,0.38854517,9.66824511,28.25159414,-65.77805464,0.656273 µm.
70.47000000,-0.05554808,0.38854517,9.66824511,28.25159414,-65.77805464,0.656273 µm.
71.34000000,-0.05199606,0.39069122,9.72730382,29.67416070,-67.21961602,0.656273 µm.
71.34000000,-0.05199606,0.39069122,9.72730382,29.67416070,-67.21961602,0.656273 µm.
72.21000000,-0.04816307,0.39268982,9.78437826,31.23068840,-68.67062892,0.656273 µm.
72.21000000,-0.04816307,0.39268982,9.78437826,31.23068840,-68.67062892,0.656273 µm.
73.08000000,-0.04407197,0.39452948,9.83947447,32.94186260,-70.13078893,0.656273 µm.
73.08000000,-0.04407197,0.39452948,9.83947447,32.94186260,-70.13078893,0.656273 µm.
73.95000000,-0.03974564,0.39619853,9.89260047,34.83285258,-71.59979807,0.656273 µm.
73.95000000,-0.03974564,0.39619853,9.89260047,34.83285258,-71.59979807,0.656273 µm.
74.82000000,-0.03520679,0.39768519,9.94376614,36.93459642,-73.07736621,0.656273 µm.
74.82000000,-0.03520679,0.39768519,9.94376614,36.93459642,-73.07736621,0.656273 µm.
75.69000000,-0.03047777,0.39897760,9.99298312,39.28555466,-74.56321234,0.656273 µm.
75.69000000,-0.03047777,0.39897760,9.99298312,39.28555466,-74.56321234,0.656273 µm.
76.56000000,-0.02558041,0.40006380,10.04026472,41.93414502,-76.05706586,0.656273 µm.
76.56000000,-0.02558041,0.40006380,10.04026472,41.93414502,-76.05706586,0.656273 µm.
77.43000000,-0.02053587,0.40093184,10.08562579,44.94218828,-77.55866776,0.656273 µm.
77.43000000,-0.02053587,0.40093184,10.08562579,44.94218828,-77.55866776,0.656273 µm.
78.30000000,-0.01536450,0.40156975,10.12908255,48.38989138,-79.06777167,0.656273 µm.
78.30000000,-0.01536450,0.40156975,10.12908255,48.38989138,-79.06777167,0.656273 µm.
79.17000000,-0.01008579,0.40196557,10.17065254,52.38323255,-80.58414488,0.656273 µm.
79.17000000,-0.01008579,0.40196557,10.17065254,52.38323255,-80.58414488,0.656273 µm.
80.04000000,-0.00471823,0.40210741,10.21035441,57.06521682,-82.10756923,0.656273 µm.
80.04000000,-0.00471823,0.40210741,10.21035441,57.06521682,-82.10756923,0.656273 µm.
80.91000000,0.00072071,0.40198340,10.24820784,62.63359515,-83.63784193,0.656273 µm.
80.91000000,0.00072071,0.40198340,10.24820784,62.63359515,-83.63784193,0.656273 µm.
81.78000000,0.00621462,0.40158178,10.28423338,69.36983578,-85.17477624,0.656273 µm.
81.78000000,0.00621462,0.40158178,10.28423338,69.36983578,-85.17477624,0.656273 µm.
82.65000000,0.01174818,0.40089087,10.31845231,77.68867128,-86.71820210,0.656273 µm.
82.65000000,0.01174818,0.40089087,10.31845231,77.68867128,-86.71820210,0.656273 µm.
83.52000000,0.01730717,0.39989908,10.35088654,88.22755837,-88.26796668,0.656273 µm.
83.52000000,0.01730717,0.39989908,10.35088654,88.22755837,-88.26796668,0.656273 µm.
84.39000000,0.02287842,0.39859491,10.38155847,102.01937851,-89.82393480,0.656273 µm.
84.39000000,0.02287842,0.39859491,10.38155847,102.01937851,-89.82393480,0.656273 µm.
85.26000000,0.02844982,0.39696700,10.41049087,120.85532769,-91.38598929,0.656273 µm.
85.26000000,0.02844982,0.39696700,10.41049087,120.85532769,-91.38598929,0.656273 µm.
86.13000000,0.03401024,0.39500405,10.43770674,148.13728549,-92.95403132,0.656273 µm.
86.13000000,0.03401024,0.39500405,10.43770674,148.13728549,-92.95403132,0.656273 µm.
87.00000000,0.03954952,0.39269489,10.46322926,191.21330634,-94.52798058,0.656273 µm.
87.00000000,0.03954952,0.39269489,10.46322926,191.21330634,-94.52798058,0.656273 µm.
